email;phone;device_id;ip
benjamin55@example.com;001-542-811-1077x878;15258f20-e234-7074-075c-6862c02e7156;113.72.88.60
crystal97@example.org;359.491.4629x786;a5ca66ad-d1be-ef83-76ae-b0a30dea7c23;198.109.197.45
michaelpugh@example.net;4829380750;fc1eba80-7805-1374-2bdb-856b536ce386;3.188.21.155
michaeljackson@example.org;596-268-1623x75981;63f408bf-68ab-3a1c-4e47-b2e042232832;174.51.195.105
xgraham@example.net;(588)428-2301;2fd66ec2-c7e0-2a68-717a-01bef8b73fbe;174.70.157.3
ryannguyen@example.com;573-439-9062x499;8671b898-e65d-1f03-aa71-f6bc728cb270;213.239.5.234
jessicaschmidt@example.com;522.505.9697x53967;bcb4614a-1c8b-fd53-db3c-5f17797f2fe6;155.170.72.126
pwilkins@example.com;2957529925;e24d9a71-6748-89f6-02b3-31cdaa94fb1e;222.135.208.147
bmcdonald@example.org;+1-810-936-6538;f7cdfd26-5544-3ba9-003f-ec0a562ac8ea;165.64.249.124
jackgrant@example.net;(661)743-1343x3930;c0fd965a-3a5c-82e8-97d9-530df01c1fdf;163.96.6.100
josephpatel@example.org;420.292.5236;8e377ad3-4c47-7455-7c9d-227b4891ef24;7.53.201.114
bruce21@example.com;(726)639-7135x0220;71668d89-c7ec-4e69-759e-e2be80cee587;78.136.254.206
zhendricks@example.org;404-218-9456x572;d1d33443-735d-6bd2-e197-8e21f9d1f1bb;200.93.191.54
ronald22@example.com;915-802-7568x915;84952461-5e71-7b82-3069-0f1879728697;193.247.212.180
lauraedwards@example.org;001-596-223-8841x24391;5ba4e88e-c616-6bb5-571c-219f3bee38b4;222.49.121.178
david57@example.net;673.832.0703;3ae42517-f8ac-fbc6-d089-e358e03155e4;176.60.236.20
mreeves@example.org;809-884-5298;5dd98f85-51af-a752-9bd5-1005ef25d772;208.210.232.94
stevenbrown@example.com;9236309974;38b67605-1adf-8b38-8916-c1303c3bdb0c;68.88.0.152
clarkkara@example.org;(961)315-5250x19175;eaf6105b-efdb-5e3a-ae43-50ec667ceb84;205.252.15.28
travis98@example.org;(728)639-9476x691;c368cda5-c162-ad2a-7f92-b35300182d98;4.132.147.234
lynn89@example.org;(906)431-2419;9d86d35c-dc3f-be21-adb4-528280c1fa97;50.168.85.246
icarter@example.org;+1-475-667-7922;ad6c2633-5599-e9b4-f82f-7d06318c924d;142.5.252.243
tharris@example.com;001-436-448-7882x758;91177e3f-cc5f-b5d2-c564-0f3524a91dc9;196.48.87.127
ericshort@example.org;4668709055;7888e8c2-5cee-f7df-57d0-5eb7fd36add3;197.34.252.31
julie54@example.org;+1-351-247-5056x04224;b91f694a-f247-9947-4c4f-c1b5e89fc1b3;177.208.101.169
xfreeman@example.com;+1-991-826-9616x40104;94e6769b-5202-9503-3304-19e4c125da10;1.180.137.197
marissalarsen@example.com;741.697.6539x9832;00029228-1e70-58ec-5f15-e8adcf54fc72;36.178.166.73
zimmermancindy@example.com;+1-202-256-7854x7298;5e51c028-736f-a4e5-ec14-e760db4feead;87.100.40.72
danielmorrison@example.net;892.362.1246x23487;aff20898-9f77-72bd-564e-a798d80c878d;178.63.174.58
josephmcpherson@example.net;234-832-0237x619;4a9fb75f-1d11-15e3-8f54-e196d3647532;162.95.246.104
baileyernest@example.net;767-287-4367;d42f5f4e-24b1-1fb1-023b-9e829623e35e;35.76.223.31
cheryl16@example.org;+1-652-760-6857x100;b1268730-dd5f-07f0-720d-5c72f3f2e41e;109.15.10.48
lorikennedy@example.com;762.306.6679;5b53a4e1-13a6-a5a9-be41-1c9f277ca9a5;150.141.15.57
kray@example.org;848.211.6304x9513;0dc95c09-b442-e431-39a5-650545003b1a;207.235.254.26
yhouse@example.com;001-757-939-5316;eb65c5ab-9efb-15a9-f2b3-e1b6bb965b5e;152.13.53.30
huangholly@example.net;001-895-751-2468x292;f61d6702-169c-9c0c-66d4-94e1c9a595fc;117.208.179.234
harristiffany@example.org;001-900-888-4403x2724;197e3703-318b-8505-f1dd-19042e3556f1;104.75.198.135
walterscott@example.net;450-406-8399;3ad15dcd-fb49-7887-d910-5ca62f0e14fa;105.128.8.228
westabigail@example.org;316.696.9401x3352;8109d613-2fa2-812d-9861-c5ca45b57998;192.80.124.125
kjohnson@example.net;(666)418-4619;dc7c7a5b-2348-ae88-6ae0-36da517f1e68;223.66.65.32
matthewferguson@example.com;001-365-345-3595;d3819525-4181-310c-f476-a78528cd6111;171.173.209.66
davidwhite@example.org;446.751.2137;7e4c718a-a957-3e75-6fdb-9b8cfbb583a3;157.123.30.172
mariagarcia@example.net;296-944-4073x246;8461b71e-2f1f-1ab0-c67e-5e0eb87a5fbd;207.184.92.47
melissalucas@example.org;(591)748-1079x08885;ec7f53e1-dac3-03a5-0699-51e3261e02b7;115.219.36.186
oscar86@example.net;275.919.5329x929;961225a1-80a2-7eb0-ee9b-456b82caa5e2;144.225.191.175
courtneyjohnson@example.com;620.357.6753x8321;f37553e7-2f18-c601-d2e7-6175dff387f6;70.115.48.211
christian63@example.com;722-320-0630x631;f9ec9567-e882-c31b-733e-d8f81d13a6df;164.193.249.76
troy24@example.org;(203)675-3415;ca16cef6-c632-7d72-935a-37064ed45511;18.211.124.164
danielwilkinson@example.com;+1-706-931-0873x60699;4633ac4a-8540-7c7b-00cf-7714ba93904c;92.214.33.254
james78@example.net;742.585.7972;c910ca4a-4d4e-82fd-2c91-3117b6411f05;82.4.141.171
sfitzgerald@example.org;(543)591-0111x107;86007490-9a73-a317-5839-ce5064ca2776;2.212.243.186
kevin20@example.org;551.503.1430;d98fda50-d318-5165-5937-497e78b149c2;215.83.25.60
schmidtannette@example.com;001-231-826-2757x043;7ea4f2f8-f453-b7fc-3643-693013a47409;207.212.110.38
lori83@example.org;420-280-3288;82751b4e-f024-a455-2a6b-19b6e5943fa8;89.215.212.96
vchung@example.net;9067785859;f96a0856-a774-1cb9-cfe9-4ceed3d4d2ef;199.177.116.242
valdezteresa@example.org;669-357-9571x022;3cabb561-287d-291b-dba5-1c1d367ca15c;199.5.25.12
codyperry@example.org;325.588.4562;1b522881-c0e5-dd2b-57ee-c8f73da1ac21;161.65.209.143
unavarro@example.com;778-344-9789;49a3e430-e27e-5ede-9b16-b267ab2854df;174.137.191.173
amorales@example.com;+1-317-462-0380x24947;f2335d5c-1ace-0de9-6265-81894fb418db;27.131.104.89
tpowell@example.com;648-785-0455x7415;8113c12f-ff98-8a2e-08b3-40c3428d3e36;128.65.95.109
aharris@example.net;(392)328-3635;c6745041-0b0c-e3b3-043f-e63ad74df05b;40.49.120.242
jeremy88@example.org;656-925-2241;644b74c1-01da-db87-0288-b911ed7bc7e8;218.116.159.182
awatts@example.com;7757044859;51adb3cd-2f3e-9b7c-7152-b0ac1ff91bf7;148.25.196.220
scottroberts@example.com;880-298-1545x20342;a7786193-7ec8-7212-394c-caca5f6c8233;121.243.196.62
boyledaniel@example.com;001-364-314-4718x4782;8c727543-0ef2-eb2b-8650-88d973ef8305;42.89.99.170
mhuang@example.com;592-929-8842x9506;c74a4278-4dd9-058d-88d1-a767d0e7db8c;188.176.30.145
richardcampbell@example.net;001-957-575-0253x958;20195673-43ec-b9b0-4f72-c9ac05109e71;212.134.131.173
bbrown@example.org;421-292-6569;122378ca-37d1-7da5-143f-e5f239aed161;198.225.54.39
mirandamichelle@example.net;679.780.4226x6193;33d58521-b962-51c5-6232-a2fae3766ea7;171.132.152.226
peterssandra@example.com;+1-417-480-1287;c797e338-81b1-6086-b6cc-5903fed2b620;198.210.116.163
robertbeltran@example.net;(534)446-7276x8839;43427f08-368d-418e-d1ea-f94dfa441635;199.7.49.124
jennifer13@example.com;234.977.6591x159;cdb7531a-469d-8eeb-0aba-f0384a308fe0;149.58.171.249
beth96@example.org;2012716080;6d01dac1-ff50-6c8e-b2ea-1f12ce05bdc2;221.34.238.204
scott40@example.net;+1-692-560-1979;9a278c1d-b3db-b630-8c64-4492174307d5;207.33.229.12
clayemily@example.org;(908)229-3963x0898;261f57f0-b2dc-a724-f728-35781134c744;135.207.13.53
lwhite@example.net;+1-840-947-9903x24850;4e3084c9-5873-ca80-58d2-810eb26df1aa;144.242.156.21
matthewrichardson@example.org;501.431.0209;ca5a87bd-00bb-f008-9db3-467a6364c3d6;71.23.78.205
uleonard@example.net;001-269-284-9715;e11e7447-5d10-2b4b-c614-729ce512c5e3;2.33.166.63
william89@example.com;848-914-1224;de859c10-9830-76fc-4747-b39af4507d3e;64.164.98.175
lisa36@example.org;500-923-7334x399;664b9a93-1c35-a57e-453d-dd0fdfcd4328;212.87.19.158
yhaney@example.com;001-864-821-0411x2692;bf3617f5-f716-79ea-a57c-0679ca59c6f5;183.53.146.249
raymond30@example.com;(916)228-1020;8de9f7d6-a327-2afe-040a-7e943f1b8fe1;168.171.79.251
ksmith@example.org;7998857217;896423a9-038d-bf3c-6607-27fe4e2c51d6;128.225.155.174
johnsonlinda@example.org;001-264-383-8287x39893;0b050088-146f-2414-daae-9b425bcca7a9;153.28.88.197
awoods@example.net;001-610-466-0630x729;0275e17d-6939-8ac3-dec0-b2ac725714db;114.18.144.60
jenna01@example.net;593-479-7788;3c721500-e6f4-f354-2d17-e7516fd2f0e5;211.246.78.181
osbornemorgan@example.org;277.906.3462x16642;1059bd46-da2e-1dbc-f2c7-53ff3f70f61f;134.238.28.198
thomasshields@example.com;(904)374-1007x652;c33b4b5d-c95a-8244-60b6-da1da0ed0a38;137.17.114.125
billy19@example.net;990.445.3915x7944;c1d77ab9-cbee-bd50-c6d7-0499e6e44125;159.21.11.195
glenncalhoun@example.net;(476)883-3532x12050;dce27b5f-c40a-52e8-f642-e2ed5a9af326;86.146.89.91
oford@example.com;+1-487-907-2590;21f89b30-07d7-3e6e-1cd7-a75e88784852;212.36.65.237
johnscaleb@example.net;001-933-737-4507x87145;ed05e463-e2ca-ce29-58e9-8f4d5f567b0a;187.76.98.216
chubbard@example.net;372.412.4937x822;70a96067-8583-ae2e-6ed2-c75f4c3cfcd5;216.21.59.112
jakeroberts@example.com;322.646.6965x039;c7daa4c3-fe87-cf4e-3738-6b046883bb4e;169.228.99.87
harrisamber@example.org;366.775.9564;7d3d25bd-31b2-e0fd-71bd-409de8f580fc;206.255.156.137
kevintucker@example.net;405-925-6298;250d1120-b72b-6c1b-8b69-29cfaea4de7b;143.28.220.120
fbrown@example.com;001-363-815-8840x23760;b994fc9b-9796-ebf8-04d1-50349b647591;195.52.1.34
patricktaylor@example.com;(982)518-2424x19157;d4caecec-20bb-089d-2c14-c5d6eb6ebbd4;197.6.105.245
williamwhite@example.net;(225)605-7109x390;cffc7dec-aadb-1cc2-2493-57e6c89d11b9;222.42.147.86
nbrown@example.com;(583)374-2617x3221;02b7aea3-8526-674a-5aa8-233be98bfb7a;150.14.114.9
megan76@example.com;(949)910-0146;0d1cb19f-3016-054d-65f5-54e831f6c5f6;219.175.7.49
kingrachel@example.com;4819696748;240cbf58-0b47-54f3-89d8-759c56c4e882;167.170.93.227
william71@example.net;797-532-7150;cbdd48dc-fd39-ed73-db6e-eff3256abe65;109.115.229.29
barronstephanie@example.net;(735)840-4745x1609;cedd3efc-f9d8-bbcf-fc52-f36d48be6cda;207.74.179.164
pollardjames@example.org;(870)779-4496x886;747ef863-9439-015c-0937-476d86b9bb6c;197.201.25.224
hollyhayes@example.org;001-951-476-9414x7478;8f3bc6d0-9c36-423b-f9b2-72acb26c240b;183.139.63.171
gallegosgary@example.org;(504)909-6196x378;a55d62a8-7bf9-97ec-65b8-6dd17674080f;165.167.187.226
vsimmons@example.net;+1-230-657-3828x14164;69501a0a-5937-b1af-d81c-99e1db607427;178.14.35.178
mclaughlinwayne@example.com;723-688-1828x5954;4e5879e2-a5a0-ff5b-9ccf-d153af3d9570;198.237.54.89
fcooper@example.net;001-503-903-5629;5f2b5d03-60cb-162d-a8fe-2bb1d2884a59;212.18.50.182
dvaldez@example.com;2383579518;4192d43c-bd44-9201-dfea-e5eb190a2c01;185.58.19.116
nreid@example.org;427.401.6516x5730;2700cf98-7af8-783d-ae74-8132aad7d52f;69.38.33.103
sheila14@example.com;+1-512-937-2861x0818;57e28486-f4ce-3cae-b6bc-8f64db22dfae;101.222.195.249
lisa43@example.org;(887)265-5237x57446;d9d0e131-e593-1da4-f6fa-640e3e0f612d;136.6.32.109
wnguyen@example.org;001-552-519-1743x739;ed50136a-35c0-99f6-4ee2-76ad32aacca7;78.169.70.238
jennifer93@example.net;929.249.8971x8976;3471ec57-730d-62a7-618c-ce3a5b1b6aa2;184.75.105.96
paul60@example.net;678-366-2174x587;f4d0a37c-8619-b07d-e3fe-dcd3a86fd34e;103.91.253.182
twood@example.com;584-421-4670;de7c3c6b-43eb-aaa8-06e9-1865830a6d9a;36.220.171.85
fletcherjorge@example.net;754-961-5904x687;400cebbc-eaf4-2972-e227-88dfd0f9ecb3;159.190.149.251
justin72@example.com;3926977666;08d7ffec-f1b7-088d-3923-62dbb7d20dba;18.129.35.207
susanallen@example.net;(940)480-8921x913;0c4c52ad-63c7-4502-d70a-436f16013a95;162.108.114.148
cooperdebra@example.net;+1-835-796-9789x506;4a21475d-88b4-4438-ba47-266f4d690941;202.132.81.251
christopher16@example.net;600-831-4782;49ce943c-1c71-ab45-c71c-1214dc09016e;207.243.167.54
zmelendez@example.org;731.502.8454x487;b2133fa5-f726-b125-f945-b61550c4d2ef;200.119.154.221
julie54@example.net;001-879-409-7382x7146;95105c52-e8af-1319-e080-3d9aff8dd055;97.210.33.45
tracy77@example.org;(769)399-8018;ac33679d-3146-a3b2-b291-363880506777;165.239.248.178
lrobinson@example.net;001-727-315-4994;585bda4b-9b12-f675-738c-461eb14354ab;40.141.4.31
adamsdavid@example.org;+1-580-260-6383;c28fa94e-c768-2541-6e3d-d70b6938e03e;5.16.90.238
jeffreyhughes@example.org;882.488.8354;efa92e7b-9617-24a0-e355-63f058c224a8;156.111.60.41
jamesward@example.net;903-986-3646x0500;b88ee9bc-8822-83de-85a9-b6e60bd625a4;193.132.112.228
kristymiller@example.net;+1-950-502-2780x15413;2275827e-885c-2f4f-84e3-3486ffd4ae4c;219.223.88.235
ojones@example.org;001-533-963-3411;1b0f7bd5-c80d-832f-c7cf-c3b38cec5b07;125.97.135.17
nhernandez@example.net;858-517-5970;0bc01f32-a295-a042-b560-f714fd458e51;57.109.124.189
jonathan08@example.org;637.989.3362x72402;d594b004-5d87-d01d-0c44-7ad0ab1d575c;154.69.231.168
kschultz@example.com;001-855-953-5148x94075;159eaeb6-5353-899a-248b-e9c356b3064a;46.131.198.48
lynn64@example.net;+1-753-926-5437x68031;cb9d018a-eb65-505c-509b-b34026170cd3;75.119.24.22
rebeccawilliams@example.com;001-817-371-3605;7d134cf4-901b-cfc8-9bc7-70d818f185cc;204.229.89.30
campbelldustin@example.net;(976)796-5198;9cd86a31-bfb9-8863-d90b-48e1cff59e0f;196.21.240.171
chasebanks@example.com;+1-228-280-8402x611;a2aeef5a-6c88-fc13-c649-318406cd8a07;198.36.24.181
javier90@example.com;415-566-0298x3596;b16d2a3a-d349-d90d-8201-3e3816df62af;120.30.13.44
christopher73@example.org;730.870.5192;3c226c3e-318c-374d-d096-b601c4580d32;223.24.152.88
ktorres@example.net;2092839292;6ea7c1b3-99ba-f445-d2b0-67eb43e4c1a9;151.36.195.243
bedwards@example.org;630-803-3894x5780;74f41da6-fd90-1778-5e41-a2b751e246f8;211.138.53.36
ikeller@example.org;309-961-2879x608;30a2cac6-29c8-d08c-f07c-ec9fee6d715e;14.204.65.147
hillkelsey@example.net;701-711-3148x582;4620cb09-64c2-56da-179e-c6d5f75209dc;214.168.161.8
walkerkim@example.com;001-911-311-0207x17875;b385cc43-6d05-c75a-d0b4-368cf52a950f;13.68.48.192
james54@example.com;248-350-3363;c51beb09-d753-9992-6d01-4a10d3b17dd8;184.128.136.244
joygreen@example.net;001-917-778-1663x74099;90b27b72-4971-311b-5bdb-189f425e9226;220.203.214.69
lpeterson@example.net;5648030916;0ef61e18-16e9-f295-bace-2a846027d7eb;200.11.81.187
pdavis@example.com;+1-499-245-8330x96466;6ea42406-a48e-7a93-27ff-7e551f5878a6;176.180.11.188
toddstevens@example.org;976-218-8807x35802;232631d6-4a1c-9527-d939-64ed605f23c7;92.161.255.99
ncaldwell@example.org;(535)709-6953;c388de3e-5bc0-f1f4-9eeb-0860a24b91ae;21.16.15.101
stephanie65@example.com;+1-228-231-1852x76771;51a27905-85af-816f-e73f-01a73c33d9de;220.76.197.121
nathanielbecker@example.org;+1-741-300-2668x21206;ec3e8b34-2364-970e-2563-f039b9d304f7;192.81.46.155
wayne15@example.org;864-318-1254;8e248fec-985e-16f6-ba84-7029c186a50e;125.161.95.145
colemanjustin@example.org;365-930-6173x272;9fd6a7c5-f155-b11b-3578-1733267144f1;97.214.80.95
ricardo87@example.net;954-497-9614x6839;223a22ea-cdab-0b3e-b882-3b21a930cd6f;57.80.189.29
williammartin@example.net;791-989-7904x7706;4df27222-1f9c-4a92-4bd5-c1bc36f8563c;130.248.32.69
jonathanmiller@example.org;343.295.6404x36723;0a329632-9e4b-7a40-666d-3838858ccca4;171.183.159.188
allenbrent@example.net;862.730.5742x9583;3b801340-be33-fc65-b256-681c5d0fca58;132.13.40.114
lopezdanielle@example.com;+1-736-279-3553x3908;44194072-7098-ac68-2794-b20461326755;59.254.178.91
brittanyflores@example.net;(708)783-7922x30988;7d5b4723-2077-4b3f-80e2-56c4460aba50;162.185.176.149
simssharon@example.com;811.719.9593x5617;8819740b-a601-2e13-6aaf-693614a3081a;97.163.28.180
heidirobinson@example.org;+1-392-942-5918x39179;6f34d939-855b-4a7f-b5af-072dd15a131a;204.148.184.151
mcintyresusan@example.net;826.712.3234x904;fa9e9ea7-4d0b-7157-cb9b-7a119784bd5b;185.11.155.244
kellyhoward@example.net;679.941.4282;09d87220-6646-a417-4b8b-554fc9475649;206.69.126.120
johntaylor@example.org;9009996256;62267050-5996-92af-acf8-4ce9049669b7;96.218.73.145
qward@example.org;(356)380-5204x7319;507580bd-24b5-a266-0fdc-8ddc5c1c7f1b;77.219.88.168
kelly40@example.com;+1-743-962-9229x015;3e92f0f7-e09b-5fb4-3c34-997253ea426b;129.99.194.116
ksoto@example.org;+1-364-992-5048x215;04be5713-a23b-1b63-f177-7afd93089857;193.219.67.50
kimberlyschneider@example.org;660-876-8540;7d7c8fcd-8200-bbac-31ba-c820cb530ea6;153.91.115.169
adam94@example.org;001-847-363-2615x0984;6b752c1f-64fa-93b3-2cc0-a5faf8a3061c;215.27.83.220
chapmanstacy@example.org;+1-389-318-8257x67020;e4d871b2-bedf-d181-4d17-daf2703664f5;162.21.228.253
jill84@example.org;7549630026;c1bdb128-2e3c-dc46-5704-02c272a65907;177.106.109.148
dzimmerman@example.com;+1-284-888-2024x570;103c6c2c-4385-e5d2-7344-9ccdb2c8633e;221.231.201.241
coryreilly@example.com;+1-937-904-5091x33140;a7c325f9-789e-0da3-35f4-3d9cc1743723;213.205.65.32
marie15@example.net;380-686-4950;12d31ef9-e54c-2052-d771-168f80aba88c;195.251.173.229
ryanthomas@example.net;873-416-7976x552;3b65a0f7-5597-b36c-9047-cb75b27ee7eb;218.138.56.80
christopher20@example.com;+1-319-909-6619x91062;7963d2d2-ef25-8d51-d650-0e4a65f67a60;139.2.227.113
youngcory@example.org;(808)284-9406;9ef9a897-189e-0927-c6ca-254213c60cc7;138.121.173.79
williamkline@example.net;394.593.0547x7739;90e79b56-b967-3b5a-1866-792abf1bf6de;68.249.20.206
petercruz@example.com;268-688-7934;a4be7b6c-61be-a3cd-893f-62e2e210535a;23.128.206.107
janice27@example.net;(681)711-7270x6306;fb79fd0a-3cc8-eeb0-6304-e3f3ece03caf;87.8.2.79
jordanroberts@example.net;475.973.9121x3348;a3d42ef2-fd5c-57d5-3daa-1bb7bca7458b;60.50.221.38
milespatricia@example.net;397.290.8859x2090;7a71f325-47c6-d4c4-87a2-18b3918c98ee;36.106.43.109
nguyenjennifer@example.org;+1-287-543-8735;d9039522-28c1-b0d6-c66b-ece29b8492af;160.31.215.13
carmen37@example.com;+1-611-513-3851;7f957a6d-961e-754d-4060-e434748498f4;126.1.113.154
robertkelley@example.com;363-968-6626x047;3c5106c0-7d63-4a67-5981-4b6ca6bf8040;150.153.96.88
vmccarthy@example.net;(259)421-6698x87654;5350a892-b1be-0337-68a8-16247f4e4b8c;194.127.181.144
sextonbrian@example.org;415.240.4770;c253c8d1-4779-84c9-09bb-71d8121f9f25;211.173.138.72
figueroagary@example.org;2788205150;a60aed81-fea0-1988-a904-7e9357a1b68d;204.226.76.90
cheyenne06@example.com;+1-925-278-0856x0603;37190491-6dd2-d0e9-1139-057bba84ab0a;205.200.179.248
heather62@example.net;497-425-7530x767;b098fe9a-c45d-f293-c08c-c328742e929a;135.8.105.68
tommy35@example.com;(940)233-6955x646;0af0cde7-4a5b-bbc1-e2e0-969b4dd05593;191.18.50.214
johnlucas@example.com;477-629-0541;741bc455-8b00-19ca-cc80-a76f2b7951fa;207.30.184.192
dsmith@example.org;+1-613-460-8823x2840;3e0d1ef2-bb5a-2485-b57a-8556e3d2c171;199.2.112.36
staceyhall@example.net;001-582-926-3821x117;0aeb84cc-e215-b8ca-5301-2510672213bb;205.134.108.62
blairjames@example.com;967.743.9089;bbea0d31-992a-4dd5-a3da-4fe1271719c7;180.78.35.67
xbriggs@example.net;(639)248-7561;e99b9fff-f6be-2c7e-4cae-36b9f452ddce;148.20.27.123
gcobb@example.net;001-829-793-4825;44e61e39-7d5c-74e6-99a6-4ede4038c1e0;141.21.55.221
maryhowell@example.com;(899)370-5534x48524;52ecaacf-0ebb-6c3e-e9e1-b2931ecec544;147.213.124.86
wcole@example.com;797.646.3415x72038;1b36bafe-f5ac-5197-848b-42be29d871f8;30.242.233.121
adrianbarajas@example.net;+1-817-749-8848x685;c3b2c8d6-06bd-f3bf-a0f9-7eda6e1d5e7a;166.106.127.122
brianadoyle@example.org;701-318-3473x5372;a27c08d5-0568-7977-56be-f904aa213c06;94.255.17.54
rachel48@example.net;614-259-8857x3521;a0091dc5-fa7c-1d24-9012-1883e9f70975;160.83.208.230
brownlindsay@example.com;971.838.8910;338cf83c-2c02-d5d3-2776-edfb7d74fb90;165.0.151.7
hendersonadrian@example.net;(915)934-3919x1606;a52dd3d5-ca93-0611-82e9-9720f1e4b5ee;193.70.94.81
alyssamora@example.com;5323047215;94bf0ad6-fdd2-6e51-307e-e34190db8c18;220.155.223.123
hodgekatherine@example.org;683-340-5756x73456;4c05551b-1a49-86df-2515-6c4e0816f9fe;102.95.22.72
barbara62@example.org;(889)648-4076x629;a8624562-76ec-0865-3fe6-3de943f4c7a5;8.169.53.214
daniel70@example.net;496.925.8809x5189;34bdd704-d979-90f9-2aa7-2ed4a9d48121;133.170.194.94
sheabetty@example.com;(244)707-7037x115;2ab6cb0a-1bbe-5ec3-dd90-c55caaa5748a;215.134.106.110
mark13@example.com;292.605.0582x365;41307398-1067-ee8e-8e07-58c75ddbef21;159.44.229.170
rayjohnny@example.org;254.603.4155x25294;a3cefb97-9f8b-4e2f-9ff1-80316c2d0d14;133.10.194.41
davidsonmelanie@example.org;335-487-9098;d44d615d-2056-29a8-fd74-db0fec144e21;191.49.151.76
jhardin@example.org;+1-366-836-4231x102;33af9ab2-2e9e-5e02-0448-f2e95b17c423;36.23.88.175
kelly31@example.net;+1-245-775-1403x53081;18d63e02-d9ee-760f-9aa0-a15071b47ba4;59.49.135.242
burnserik@example.net;+1-446-937-1111;b29b0171-0590-9554-d34c-53c90dc41eeb;199.233.153.52
sarahriley@example.com;(450)905-0958;e5a574d4-6935-7faf-842b-676a26f359b5;180.210.98.109
hoffmanwhitney@example.net;+1-421-758-0830x847;233542aa-bb8b-b83e-492d-44bb13245afc;215.119.76.254
longtravis@example.com;001-543-475-5661x179;965dd357-b1fc-e6b8-f548-87464942fbb8;48.13.181.239
bpotts@example.net;(860)606-9353;68f945ac-7212-6a24-1b22-da32103878a3;198.1.67.212
hgray@example.org;(856)799-4343;b60435a1-343a-87ac-fb0d-d001a4931087;161.210.213.148
mccormickjason@example.net;001-377-797-7440x409;e184e5af-4deb-702a-a767-aec34473fed5;63.94.117.11
zflynn@example.org;863.596.7516;098518ec-9e0d-28b1-c27a-83f202f49f0a;78.226.30.35
joshua30@example.org;604-352-8774x647;2ddc9cf1-8e1f-9a42-5216-f3fc841ba93a;137.1.101.165
nsimmons@example.net;498-659-8932;6e0a73e7-49a6-b439-ddcc-c4d1f2d7259a;163.86.121.99
matthewmaynard@example.com;390.278.6875x68162;771a04f3-ff16-5265-4a1e-f04f4a1501c0;91.165.16.190
bradley10@example.net;+1-364-428-8136x424;601a1df7-8c86-ced3-f5dc-9a309a0afaf8;130.159.139.137
averykayla@example.com;242.686.5332x074;881c10b7-ddb7-17ec-c974-c57baf671911;166.95.16.117
frankwebb@example.org;001-903-263-2830;ffac2890-fe9f-b9eb-ea12-1dd415ed25ce;142.230.176.110
trevormorgan@example.com;810.719.8475x72838;ac35d68f-d524-46d9-15a5-694a657948d0;193.124.4.93
thomaslisa@example.org;736-591-8689x4176;08301a88-bc1d-c80c-2035-9af5bf6109c1;179.83.3.31
alexander36@example.org;+1-765-803-3696x254;38d9d9a3-0d57-7df8-4cf1-66ff82450009;122.47.76.151
lovenathaniel@example.net;+1-360-990-7486x3887;fdc75fd0-f101-c61a-2fdb-81afb3e63f98;220.148.155.175
fryeselena@example.org;3679544553;ae008984-ed87-f3f7-761c-3ca5a8feb1eb;148.39.185.200
rmcdonald@example.org;953.870.8640x665;f8ac8a66-d5dd-884d-40b7-af773b68a3a0;174.125.255.94
lewistoni@example.org;368-922-3840;e8abfe7a-783a-bfd1-a7cb-79cb00395a0b;99.187.223.253
joshua34@example.com;735-901-1257;735862b8-5f5c-e662-060a-ac4e1a7c013e;31.29.197.37
rjenkins@example.com;(382)744-6174;252c8910-3f1f-fb0f-c610-26b23db6a87d;222.46.138.102
markbutler@example.org;+1-364-825-7604;16acfc03-f01e-4d7c-6a78-2c6cf3fc508f;146.43.10.81
lisa74@example.com;(888)337-6370;c118e758-fe96-bcf1-983e-abd6ecc202ed;222.33.212.98
lewisandrea@example.org;+1-549-426-7962x8170;37ca2360-45fb-8587-60b8-028919deb064;198.191.180.169
treynolds@example.org;9477007077;dd324809-787d-24e7-0588-9e901bf5c531;197.180.141.23
icollins@example.com;(486)343-8970;0a28ae09-7663-5c3c-2247-ac1b3cc1179c;111.199.160.10
cynthia31@example.com;688-482-4782x50268;db6529f4-352e-f924-d401-78098ec2ec7e;112.212.160.86
qsmith@example.org;946-522-7267x015;632b634e-3eeb-b4d7-5631-2e792c55bf59;215.68.64.73
donaldgarcia@example.net;434.905.0893x2440;b973b030-6ff5-90ea-a04e-55251f422705;160.189.114.137
kristireyes@example.net;+1-342-856-3612;f0a89cee-dbfe-bb0b-28bd-762f9f981388;167.72.82.40
smithbenjamin@example.org;001-430-750-7360x95925;bc263335-9bc2-9fc0-486d-55cd1ee6ad41;144.32.123.155
lyonsscott@example.com;218-483-0480x79329;9af513dd-aa76-fff9-686b-753f8b1d777e;11.145.122.157
craig13@example.org;001-542-655-7311x948;b41fe410-b8e9-324a-a7f5-cd7632395be1;215.222.47.145
cochrankevin@example.com;(547)573-4870;842388ed-bfa6-db7a-aca7-fd1c884df31a;25.144.238.183
rhodesbrianna@example.org;+1-446-742-6543x234;038226db-9f83-2603-2bdb-83c5e7df84b8;93.140.233.31
robert04@example.com;984-757-4923;52d09373-6446-1232-ebca-f5c3826fc1a2;205.1.18.234
brucepierce@example.com;235.989.6155x925;a3a9a601-7c2d-202b-47ba-9350116ebfbd;114.122.110.184
hernandezalisha@example.com;759-464-6661x26072;1e4e47e7-8640-d949-14bc-dfb723c197a8;90.29.176.172
willisdaniel@example.org;+1-718-364-9836x004;32f82ffd-e7f8-4011-764a-1735e49aef49;216.189.138.104
mandy62@example.org;347.366.5971;b0656c65-59d5-8773-da06-cc78c155518d;154.84.215.110
wsmith@example.com;001-636-355-1282x7961;812d1a3a-938e-d6d0-8419-b08f46701d75;219.242.221.164
justin29@example.com;(614)513-1352x565;fa35b0ac-bb5b-384c-9c67-2c88ddafc2c9;201.72.46.200
tonyajones@example.org;359-832-1573x4039;4dda43a4-ef3a-9dfb-654e-b871738ce004;150.113.147.39
cnewton@example.com;367-773-2708x237;b6d59fa0-57f9-2612-e4db-c2c26ba3332a;32.101.136.51
reynoldssara@example.net;+1-526-670-1183x446;158f24a0-b3cf-d35c-bba6-2064c000a2e8;87.21.114.143
melissa56@example.org;504-735-8292x62057;bc15dfb2-1216-da33-9481-87adbe9a1723;99.166.208.53
aaron33@example.org;+1-656-471-6122x53825;34df3eff-fe80-a0c2-1553-795363950d49;43.240.165.33
nichole47@example.org;001-229-945-5977;00461a03-db43-1535-7779-fe62545d49d4;163.197.145.12
hoffmanpaul@example.org;(794)939-0873x184;b4ec12b5-c1ea-4646-0703-d27e32be7fca;201.106.54.121
aanderson@example.com;(381)232-8484;f5c9c181-92b9-6ebc-963d-bf9c551a0e0f;208.120.182.42
ojohnson@example.org;(444)830-7607;46f3ac55-bb7d-2b95-8e3e-f327ce0f46e1;193.237.247.177
kevin31@example.com;479-879-2078x33964;d72a047a-44ff-4e6b-88ff-85dd31704859;205.222.154.77
owilliams@example.org;214.582.6265x84282;48f48b7b-9c3c-7c22-e307-3ee23898e552;155.102.152.136
pcooper@example.com;235-865-0016x03553;f4d3b8b7-dacb-7c3a-bd67-30ae2717a157;161.27.22.76
elizabethwheeler@example.net;+1-623-669-4764;57baf237-3242-1445-d542-0ff4446e0abc;217.87.218.252
obrienryan@example.com;001-516-267-2159x330;c605ebc5-0957-a2e5-73f2-800aae7da02a;211.229.218.232
michael87@example.com;737-636-6839;7c4cb0be-4a27-de27-ff24-f927fa41be39;135.224.241.34
yholmes@example.org;264.957.6379x65325;cc848eab-d279-589f-0f36-c26b7fd31e51;154.13.171.228
perezclinton@example.com;(262)706-1325;07f021ca-9096-38d0-812f-305527e76e19;106.145.250.244
eliu@example.com;785-484-5655;29750d6e-f21b-2533-c652-f01642d0158f;71.43.25.87
stephenlee@example.net;001-295-226-9077;65cb825b-5fd0-7373-a825-00b101242c62;69.159.171.79
katherine58@example.org;793-538-1135;37fb684a-facc-0ace-d2e9-ac013b3d8cd9;39.117.7.71
smithkimberly@example.net;001-791-573-0805x780;2143c8f8-a6ed-0a2a-2a7a-a3db43dfd5ba;172.87.122.221
uwest@example.net;676.805.3653;7928b14b-9071-9f01-9bba-6337949b4780;148.241.96.184
tcollins@example.net;563-888-5090x35805;1ca22a71-c4f8-c849-c1e7-4ba6c004a2de;200.84.238.105
kelseyhoward@example.org;001-217-769-3608x09301;310998c3-96e9-3b20-fe65-46999c4eb8f9;206.97.171.1
mary96@example.net;001-644-618-8566x466;655279b4-bfaa-e7dd-cb2d-05213439eec6;63.50.89.29
joshuajohns@example.org;001-645-352-9925;f212498a-4a6d-8585-cde6-5b14a350bcd2;211.112.90.12
smithsharon@example.org;001-903-935-9787x8868;4ddd2fc8-1426-1136-53aa-aef2f670dd64;205.77.57.229
murphylisa@example.org;001-688-402-5022x203;65f561ab-7314-d378-5902-d116b8d86866;206.183.190.59
watsonjohn@example.com;677.805.4593x677;d6da6c65-65ad-e4be-7285-b32c1c7106c8;188.79.232.213
iallen@example.net;+1-259-559-0367x8182;d6a2bcf7-f610-a0d2-7580-519e000b3024;161.187.231.203
eric15@example.org;963-623-3911x1756;fb936f74-4c00-a1fd-31ea-90f4134fcc81;216.58.221.228
jason77@example.com;223-709-0319x5399;ece313bf-7851-3bf8-0bce-3a93dad5df4f;201.211.11.182
tbrandt@example.org;(607)206-8853;4b8e24dc-96c4-470f-134d-0d4083a302e1;213.228.208.239
julie85@example.com;(902)443-1431x7415;a295bd8a-fb64-3be9-49fd-d43412afe5e5;76.234.85.2
stephaniewatson@example.com;+1-566-528-0694;732b595b-2f66-bdf0-7bf4-ddeb7a3edf40;220.245.26.235
joshuabowers@example.com;853.283.6776;9a6bf507-ce2f-e6d5-89be-da56918931cf;73.26.97.163
campbelldennis@example.com;001-961-471-7605x0862;5c8fb6e0-30f8-c0d2-430b-45986248dd61;223.94.142.57
victor89@example.net;+1-223-340-5400x2563;e8c7ec27-c11b-f881-ebb7-0b2fa6f5753d;189.213.253.222
ojordan@example.net;+1-641-227-8244x675;ad19201c-b0bf-c7c0-3605-44aac7f26ba3;203.175.239.11
myerstimothy@example.net;482-208-4548x719;1c9e207c-5d86-c94e-b0bd-1d387acea0cf;132.252.134.87
crawfordjames@example.org;684.434.1082;67f4e2b7-a291-94a8-0feb-ef91e34f5c65;199.175.112.56
brendawilson@example.net;711-273-7307x14517;a8f64e3f-ae2a-7b9d-f82a-28fe8e60eb68;169.194.80.206
smithgeorge@example.net;782.810.3181;216395ad-7990-7921-166f-103325d4cc9f;28.168.196.124
zacharyreed@example.net;910-834-3759x38909;d9718f26-89d8-944e-e933-5fbf02bc2539;215.193.95.247
hwhite@example.com;001-314-800-4574x47458;fde9aa97-a7b0-e48d-5ff5-84a8a4a25b48;87.223.196.175
sclark@example.net;001-339-755-3891x18916;999943f7-cb2b-e7cc-3921-903cd335a31e;223.199.140.44
ismith@example.net;725-268-0879;525e1f89-f3c9-38c8-8197-1d65834d4f21;223.228.30.167
jermaineclark@example.org;001-535-334-7013x9392;8f5b1e82-4342-4588-5414-b57020e90e0d;210.97.24.93
lorrainebradley@example.net;970-446-9186;0fc05038-1208-d754-ece3-fa48317cb78e;51.233.228.70
robin77@example.net;783-950-6026;2d20d0f9-b256-c08d-f2ad-9d98d8b5ccd6;104.42.226.130
skinnerstephen@example.net;787-854-4645x7030;39986916-d502-54a7-7e48-20dbec09be27;165.233.68.251
melissahernandez@example.com;+1-989-384-7338x4104;3eaf3069-3d1c-3b11-0b60-f9796aaf16b7;147.104.164.15
cmoon@example.net;289.628.8164;4c4abbea-49ed-eafc-7fa7-53af24a403f9;102.249.202.240
mcasey@example.org;359-367-0878x9074;d42bf334-a065-e970-98b8-824a1fef39ba;207.71.233.60
lnelson@example.com;898-694-1721x11939;b5b12148-cbe5-e4a4-3485-db85bd960e64;210.93.188.228
juliekim@example.com;001-536-780-3702x164;6d5aa6c5-f571-ce36-3641-73cd6c7b8a83;155.49.242.34
davidberry@example.com;(574)832-9464x07961;219843bf-e6a6-17a2-47d6-5f2667e05988;83.244.223.225
qsimmons@example.net;001-629-232-7082;66a96153-b0d4-7813-5572-bc3145e7384e;34.27.23.18
vball@example.org;+1-733-377-0358x67270;10ea1f2a-c82e-6bb1-ddca-5f4e43214adf;124.2.116.71
helenromero@example.net;(894)794-3969x99827;96e3911e-1674-bfcb-06cf-0a980e19dd7d;167.37.252.65
fgarcia@example.org;733-502-4167;c84321ce-ca85-2247-6d30-127533404176;206.162.178.115
tturner@example.com;(328)395-5396;d7a7bbeb-b9c6-543b-f932-ff65a5757178;192.153.36.63
penajohn@example.org;001-731-728-4450x377;c54ce220-fe74-e209-3ded-29f043f66061;217.126.99.6
shanedouglas@example.org;(366)969-1829x1839;21656557-8673-aea8-abbc-5db869b43137;116.150.184.127
hughestiffany@example.org;820-476-2608x0050;479c6d58-b0ae-4739-7147-85b8a06bab09;51.25.175.254
martinchristopher@example.org;+1-370-284-0024x381;63570d84-5fdf-603f-2ae6-44e7cc459b2c;22.193.31.167
carlpatterson@example.com;+1-519-728-9795x6297;0ea63686-d706-c02b-d9b1-fce6ee5d036a;26.85.228.251
danielle05@example.com;+1-770-593-0782x43579;f06873f2-2646-734c-0cdd-c960cb16c0f7;198.87.152.66
hernandezpaul@example.org;5689906484;dd6a3611-a1f4-f91a-9f91-ad68b554e862;144.110.111.144
dstone@example.com;525-786-0909x976;6c52e8bd-c782-9298-8cb1-253734179d0a;223.238.183.181
mark44@example.com;(600)499-2028;87681739-fcb5-b77c-c3e2-d99f26d6f608;185.234.130.152
anthonybaker@example.org;(267)783-0815x5623;5c8381f0-6912-fed9-6217-af42baa39e70;164.184.92.68
mary24@example.org;840.970.2867x783;7cd5314a-ba0d-9739-d4f7-242343b756d7;180.66.163.110
brian35@example.com;(215)885-4977;011cbc68-b5cd-8648-87c1-a86420edd0aa;163.84.215.86
vboone@example.com;(395)420-7488;05b70308-7cdc-2c2f-30a0-c698dccd35c0;212.143.32.74
jonathan55@example.com;001-340-419-3971x24126;1928e910-247a-45de-6573-01f9eb15ca6a;177.52.161.62
benjamin89@example.com;(800)443-5195x3715;51d76617-2ea5-b14c-01d2-dddc66e424bc;197.118.244.2
knightkatherine@example.net;4346567484;34872912-c2d0-3df7-d678-860330158b28;154.22.1.224
martinezfrederick@example.net;7487512569;bbf77a71-52fa-6110-bd36-2c583aedaeb1;38.75.86.24
ericaford@example.net;001-748-416-6168x0720;6c6fa26b-0e5f-1f7c-33fb-3fd5dbe83f62;144.9.63.120
wrightkristina@example.org;673.222.7673;2005fd5f-6349-78f1-9c23-791c2acec6f7;129.233.50.205
jessica52@example.net;370.764.1968;89048606-527c-bdf6-3427-01d7c50c3a27;202.10.0.233
tromero@example.com;697-885-6856x3806;8a7fd35a-e2c2-3d07-9c27-66db0f9ff99b;178.127.82.199
merrittscott@example.com;+1-830-709-7291x197;e667f4b6-305a-12d1-27fe-91ca72ed34a5;208.28.177.252
douglasdavis@example.com;001-560-367-6114x68094;94cf9839-dfc3-f4c1-f787-309c5f622b96;7.58.113.6
churchjoseph@example.com;(930)554-1547;c941127c-e481-c635-aa02-f93b06f14a9d;197.10.139.169
hendersonwilliam@example.com;230.666.0868x746;47d7b65c-85bb-c1e8-072d-bd72ea8a0dd5;221.190.31.98
dchan@example.com;+1-961-719-9700x020;f359c690-a1d9-6a70-c94b-d532e214521c;138.175.202.3
lhenderson@example.org;001-440-791-2575x5793;e1b3aa1b-4dab-257f-4e14-bba3d4620f10;134.123.141.113
kristy80@example.net;001-906-346-1802x186;f8f31d53-0680-9772-c76e-98aed5474f55;166.91.206.207
charlottehiggins@example.com;209-533-7835;5d45c1d8-2507-d0e6-b050-b54d867a7fd1;146.29.97.3
kmiller@example.com;001-828-719-4768x971;461dead7-8c24-41e4-e40c-91f57761ab05;21.163.114.241
moranmckenzie@example.org;(789)864-7651x68436;f9ac66c8-223b-356c-f925-a80a335e723e;200.57.182.3
apena@example.com;7222042386;9df533ce-ec05-febf-7e20-7da2757f3fb5;206.176.123.34
ukeller@example.com;290.407.0709;3863a745-0c24-b23f-c04f-015195961646;195.126.172.248
jacksonmelissa@example.net;467.768.1841;9ae3de9a-45ef-b478-751b-7337926452ad;70.35.54.5
danderson@example.net;001-212-707-9035x533;fef7f5b2-6cbe-cbbe-7241-3084ec539e8c;160.51.151.239
daniel13@example.net;(708)510-5792;ff38d9a4-fa05-156a-2641-27a8ec0fc7dc;125.121.173.25
weaverjulia@example.org;(392)320-7552x0080;edda8fcb-d582-14e4-6f72-8050e487de7e;198.21.67.41
hancockjeffrey@example.org;+1-660-355-8601x8729;3e40c924-e08d-4d2b-c05b-39740d493ba0;220.110.202.90
ptorres@example.com;787.210.7554x958;4c29e046-25c5-a7ce-f047-1f067f833307;45.155.217.227
josephmelody@example.net;(406)948-3729x52198;479d66d5-1ce9-8a90-c014-28a3165f8355;223.28.17.178
jacob55@example.net;901-851-6272x52665;e4fbff93-c1a2-4ac1-be71-a57de29a8b14;153.104.91.10
whitejose@example.com;703-930-7905;9d28acc0-8676-1ce8-0d96-2388be8ea49e;116.159.245.134
bhatfield@example.com;(537)332-4771x14498;b0d0db0e-635b-65a6-56cc-e34332787f9a;159.49.213.2
tinarogers@example.com;+1-493-566-7452x2103;bb69df01-9ce6-aaef-8280-b2cdeebbb92c;102.24.90.254
zacharywilliams@example.org;+1-848-203-5980;f736f684-de79-ba47-0536-536a79142580;182.48.255.34
carlos06@example.net;725.859.5162x90209;c630ba44-fa90-fc42-532a-fa5fee11dc63;206.136.0.97
dustinhernandez@example.org;+1-637-232-3876x95649;b6fa22d1-6948-17c9-5824-a592339d318d;200.47.22.123
justin61@example.net;381-684-6799;ab9c8f94-b555-2530-6584-046f95bf51ff;137.11.178.115
amyalvarado@example.org;728-698-9015x898;ce1045b5-69ce-4f29-acb3-d491fbd05d34;207.31.138.147
leblanceric@example.com;5955148362;22734b61-4420-6b75-0e05-b9c72aaf759b;216.246.30.199
robert00@example.org;+1-894-755-3103x180;c22d8c2b-86f2-2ea2-33d7-e76d48ff5547;193.224.195.200
dbell@example.net;+1-925-835-9062x2928;44103381-90b4-d199-bfa7-3f8a6ccec6f0;212.239.241.189
colleenmoore@example.net;+1-783-875-1755x469;9ea1d5fd-e674-c692-57eb-80a6fb2a9a0c;77.4.24.63
felicia86@example.net;7999937597;5c3b4a75-6e31-9e25-21c0-0db7603d688f;69.126.10.213
ufletcher@example.org;672.867.0218x958;062034cf-b2d8-4a97-ebc1-fa2b8eabbfdb;25.112.182.187
douglascorey@example.org;+1-954-940-0346x57930;baa21287-53a9-bf71-a574-35eb527e36a5;26.92.111.216
john73@example.net;+1-764-210-6165;c0a94276-a9fd-94f9-92d8-17686aa73575;58.144.112.0
jamesmckay@example.org;779-838-4928;3693e470-284b-0400-0660-dfbc2bc5b810;142.97.217.132
patrickrogers@example.com;2919447850;b422613f-2eda-fcf5-4c56-097e1d81f8e4;135.238.69.131
gutierrezkatrina@example.com;+1-424-634-6963x19401;bc669b91-84f0-5cc4-60ac-9c58763802af;204.67.66.13
larrywilliams@example.net;247.617.2294x98634;39533876-fbbf-1649-93d7-6cc222712a73;169.68.27.251
rachelmiller@example.net;682.826.0050x13658;463669f5-f936-5708-874c-b5c9a9c52d8c;214.203.238.160
sanderskyle@example.net;(665)684-6344;60aa1689-63a0-1f9b-7233-b0d82bde5603;33.155.236.98
xscott@example.org;001-287-666-8613x5693;c5a86f21-6e4b-4a77-a823-e1c71fcd7ebe;12.191.63.170
goodmanchristopher@example.net;+1-524-453-3494x0638;ecbfe80d-8dfc-4aa8-bc48-53617990e365;171.198.230.18
spenceramanda@example.net;+1-432-519-0943x45571;3c4da9dc-a11c-409e-206c-1a86268d8b5a;62.79.145.156
tinaprince@example.net;(711)962-6509x1495;036883c7-e050-52a2-8935-d53447097e2b;154.178.66.188
murphymark@example.org;(696)819-2136x959;8aa4ef24-76ff-0391-ce5e-794d977f9bff;209.188.135.219
erhodes@example.com;462.280.2793;189ebd59-2f0d-931e-bf94-4857e12fd3a3;214.17.232.249
perezjoshua@example.com;001-688-711-5185x152;a0e671cc-cf5c-12ec-6256-50679167fe08;54.176.165.81
crawforddawn@example.org;5038741840;dd1fa232-2235-d6f4-d43c-7eb6dd58b37b;163.172.15.200
kellycannon@example.com;+1-515-660-8969x19649;3ec3b5fa-0e3a-79c5-4dac-8c41020fe6b6;219.152.133.33
montoyasherry@example.com;498.939.0758;052c5d18-0b95-f0b4-2d6c-7316a157f017;153.249.149.72
kennethbradley@example.com;4824070751;dfeef901-3cf5-0e4c-b276-2c27e13bff41;191.225.15.195
briangutierrez@example.com;001-375-869-5819x867;63472c8f-f771-68e9-6e45-c4c566155412;222.136.130.212
anitaeaton@example.org;+1-316-712-0048;15fb21ea-49a1-cb70-4e7d-1e88b3865e67;169.14.231.236
wbeck@example.org;001-848-788-1306x60362;f36e439f-7267-0135-1d7d-6af38f604f05;207.24.125.71
bgreen@example.com;+1-889-399-2915x14007;df39630b-d36e-dda0-86a3-76d1ea7ecbe8;205.209.228.252
yharper@example.net;329.306.3474x5225;764a340a-bc80-bca4-6aea-8124cad0b494;210.207.67.184
johnblake@example.net;001-450-495-8109;574f33d6-8cbf-9ec5-bdd3-7a9daa49fdf3;161.181.20.19
msmith@example.org;001-765-277-6193x94314;350ab7d6-53d0-96aa-5c53-f37a64a3ee78;63.235.143.238
imckee@example.net;433-967-7137;3cf08e35-ce64-264f-12f7-67d97b52aadd;50.201.194.22
matthewgardner@example.com;387-504-8340x0323;4f3fdcb1-9b40-d648-0d95-0518e91991ba;165.194.236.123
patricia59@example.org;001-856-400-9788x80508;15ba25b4-e7e9-e4a6-cdc5-8b417fdbcd04;195.110.159.150
robertmiller@example.net;+1-859-325-0171;995e31c7-859f-4210-43cb-4f9359aee47d;80.169.240.44
christine93@example.com;811.273.3546;bdb2ff68-5dfe-685b-6f93-339b2db9f8b6;175.169.67.238
matthew10@example.com;+1-717-856-8962x730;24751f5b-bb4b-f787-d838-5c944429f913;223.185.218.192
justinkirby@example.org;(715)513-9477;e9dbff5d-ec9c-8975-ec8c-21eb37221fa0;205.64.229.27
susan30@example.com;269-947-1083x3019;43a0dc57-5fc7-bc33-4f4f-6aa4fe0e18f3;132.229.254.61
gdiaz@example.net;(531)495-7870x523;6e536b91-92bc-867f-83e0-17de1544e2ce;71.156.237.252
foxmichelle@example.com;422.846.0520x60117;12626eba-e509-6610-90c3-8a594e401653;213.167.245.252
stephanieoconnor@example.org;(362)892-1612x5564;f9f92ad5-3020-8e2a-47e1-45a178b56829;162.60.25.117
donald07@example.org;001-938-891-3439x5996;1c3ac8ca-c11e-00b8-9985-ebcb9c7d5e6a;35.189.79.112
jeremy00@example.org;528.308.5614x2893;5d0fb94f-b71c-e1d8-3006-c973fc5f8a8c;50.96.58.58
fjones@example.net;001-517-276-2003x214;ba38a975-3318-afbe-08b0-e3203143dbf1;1.4.215.113
bburns@example.org;838-333-7310;46735279-9e78-5767-d821-36be8e327b37;23.143.22.190
zmartinez@example.com;457-458-0257x701;01c0dda4-436a-5d2a-33b1-b5a0f0f5fab2;39.150.19.20
mwhite@example.net;7799537978;687d5c7b-1047-a585-f734-844f2dab73f3;11.151.38.108
beckybenjamin@example.org;(534)625-2053;64498e27-3216-e4c8-91af-09a69663cbae;57.88.2.55
obaker@example.com;001-642-590-5050;f892323a-2ee2-c610-7da8-361dd432dd61;111.63.85.195
bridgesryan@example.org;+1-729-879-8507x032;da87f441-9a24-2f25-e155-b21b86c790db;42.17.213.219
cbrennan@example.com;001-920-606-9427x283;d3bc3935-96e9-6443-d24b-1a64c4f40eec;72.22.83.32
goodmandaniel@example.net;001-481-962-3894x4436;8b294816-8dfc-e61c-0a8c-7b79ed6793d8;159.32.18.87
taylorbenjamin@example.net;001-838-897-4466x74572;25f15250-ceb1-8ef3-62f0-5782292599df;186.46.156.147
kristyboone@example.net;(619)402-6966x901;3eb14af2-c7b8-4d3c-e95b-c35a67f6253d;178.73.152.212
khunter@example.com;567.516.9161;e52f12cb-1cf0-1103-8610-108de4ecf785;142.152.22.241
samuel59@example.org;795.480.1241x39345;10bd409c-167a-9550-3800-d69e49dc3ee4;132.114.10.12
qhorn@example.org;920.725.6464;5d97d4b4-f56b-1e10-3650-3c5894214de8;213.241.224.197
olsenbrendan@example.net;836-529-1130x1860;3337eb78-4983-a0cc-da2b-ea9981e80791;111.195.129.66
ezimmerman@example.org;+1-576-533-9946x75410;0a664b64-53e9-619f-f62e-d682ffe39aad;74.54.153.182
fcolon@example.org;+1-934-258-0376x430;d68d57cd-c2ec-f8d0-4036-26974abbfd13;133.113.111.109
imitchell@example.net;646-312-8894;7b37718c-8f20-1036-1183-31e034700fed;51.183.82.6
caitlinlittle@example.com;247-787-4785x0095;81bc313f-f9ec-e212-717d-5f4506ecf630;212.203.32.199
brandon46@example.org;575-646-0480;9f1c7e4c-ee73-f63d-4f67-3acb46fa4f45;136.86.40.214
humphreyjoshua@example.org;731.826.6183x343;997e7bdd-4ead-0bb7-3633-cae1e80310c1;72.157.182.174
jessicaadkins@example.net;001-559-457-1373x64291;a9341ace-9df0-3950-d2a2-ba45bb5549d9;189.214.248.49
robertocarey@example.net;(953)464-4861;33465c02-44f4-046b-ae90-dac84e68d660;140.148.169.163
romerogeorge@example.net;595-907-7055;13ba4639-3936-3ff0-c3e7-9cb1a10cd30a;140.152.10.201
isabellaking@example.org;+1-831-648-7591x6288;18ecab6e-1dc8-c6fb-361a-2d81fd4725d5;49.15.247.23
mballard@example.net;(487)550-1297x4452;56345095-70a6-52cc-8b85-f69b83513eed;57.116.45.145
nathaniel93@example.com;(866)374-4047;478280a9-1fd5-b1cc-09b8-739e79fbe124;193.161.234.111
dennis71@example.com;677.283.0849;dd6e4963-5a02-958d-0457-5948e48745a9;222.68.182.133
thompsonjustin@example.org;541.806.7583x796;f39253cb-5765-0d46-1e8e-4de1efd821cd;166.230.237.113
kathleenkeith@example.net;001-313-502-5651x321;e9ab9326-1a85-eee9-223c-fee07e677d39;99.174.66.145
jonesautumn@example.net;497.363.4120x2482;1865210b-8b4d-5109-c3e6-f66587d36256;100.37.129.101
melissaturner@example.com;741.335.6890;c99a6450-634a-47b6-0a27-043a776af1df;62.74.160.93
bradley07@example.com;311-218-1260x804;375eeae2-fc19-5f6a-ac29-f9820c008920;26.112.160.96
eric69@example.net;+1-805-410-3918x4011;d71b1109-93f6-a012-eb30-5b078214af25;21.187.142.127
fatkinson@example.org;(725)644-1380x98630;e48b64fb-384b-8fd3-0d71-3798f2a3e2f1;169.57.227.77
pamroberts@example.org;001-440-299-8792x456;0b347bb0-fe1a-73a3-4f4a-9ee76085cbf5;207.1.140.204
robert62@example.org;+1-999-609-8190x63653;f382a07c-038f-3e47-1a9a-f57f54740a3a;140.23.249.204
johnsonkimberly@example.com;(908)730-3185;ebce9db9-b247-4f94-052f-b0698bce00c4;45.34.59.204
hoffmancynthia@example.net;001-835-293-8775x43094;7619cc76-c106-2ffe-9331-eaf94a582c44;99.57.53.160
maciaserin@example.com;001-956-614-4700x0300;0fb7624e-fdbf-93d0-b36c-69399b2f9cc7;145.76.7.45
ismith@example.com;(603)279-2975x76274;21ee674c-32fa-6c55-d314-f0e2f10f7608;128.161.149.138
hoodjustin@example.org;390-620-8419;fba5d527-b140-e55e-079a-7ae34f32ee33;6.95.197.210
thomasreynolds@example.com;338.753.9607x583;a7bb11ef-94df-2296-e67e-fb6c9062175b;115.139.240.40
salasderrick@example.net;856-546-8434x34035;e6ed3821-0497-ec5d-f659-3867628a0a5d;217.181.230.104
michellebutler@example.net;275.434.3901x7865;cf4ca43b-18b1-7116-10f8-3ed893383329;174.140.229.134
stephenfarmer@example.com;+1-613-236-0109x974;52079f6f-1ea6-11ca-3e54-be59190eb646;24.137.55.234
matthew28@example.org;205-324-4643x72402;433cee88-bcb7-40f9-37db-6777ad41e87c;196.199.224.86
krista61@example.org;001-610-426-2273x1734;d97b5840-4d9f-94af-6d58-3f7ff5208ad4;102.191.216.33
jacobsmisty@example.org;(777)836-8575;ddf22484-ec80-0973-cab7-34f6365eddf2;76.196.255.99
uosborn@example.org;550.782.4862x78543;cf133b9d-4417-e6b5-ac17-59f03f4abbeb;210.243.98.171
sarah67@example.net;444-543-4580;cd421025-6eaf-10ac-6e87-4a74d5a5c5ac;185.209.1.202
nicholassoto@example.org;851-912-6277x6744;231ee7d9-80e1-8079-3f91-2748ef3913d1;119.88.229.17
alexiswilson@example.com;(287)381-6432x83408;389b064f-bf51-80d4-150c-aea146f78776;42.29.104.111
claire34@example.net;391-431-3020;b4d5392e-cbc8-a95f-9c27-e6a3581d3599;195.234.53.54
eharding@example.net;723-325-7184;a27c1b9e-587e-dd81-04dd-b2a2b908a8c9;215.244.162.123
reynoldsfrancisco@example.com;746-716-9824x10679;2c7cdfd2-fe2c-8995-fde8-f72e183071c1;189.177.64.253
tiffany53@example.net;917.426.1669x1409;7b7a0e63-c5c1-efbe-cbf2-fb52dc4f36ba;75.177.231.127
ipennington@example.org;790.481.7706x94859;8ba30049-2b0b-588a-7c68-3414e653e317;129.50.26.203
charles26@example.com;378.527.6359x10661;98b0e8f8-c023-3924-9f60-f6cd243192bc;126.91.121.212
joseph66@example.org;+1-567-274-8985;b4add35e-2ee5-d3f2-12b5-930b686651c2;206.49.21.10
brandy53@example.org;893-522-1003;279381a8-86d3-c80a-5258-25defd5d7eb6;1.92.59.101
yrobinson@example.com;001-548-911-6848;838cedcb-d58f-41e3-3da3-7cf327b3bace;205.29.78.190
andrea40@example.com;+1-521-907-4476x33977;499420e4-021d-d65a-77f9-36c6023d2dee;190.76.22.234
crystal54@example.net;4605773899;2757fca2-f481-b3b0-ff31-9a4b4a010081;218.103.33.102
gomeztony@example.com;+1-510-275-0897;fc31e0b2-e554-9f52-aafd-a4ae26f5fd58;197.238.175.87
james85@example.com;001-401-222-5155x4570;ad9d22ed-0617-c536-27ad-30aa505b63a7;96.103.110.139
aaroncampbell@example.net;588.342.0483x831;024cc229-74ea-e0e3-ee21-07245bbb237a;120.211.17.78
ricardo22@example.com;(870)565-1116x373;5104b55c-4fbc-c90a-a9ba-21e180e54d18;170.140.226.88
barbaraelliott@example.org;001-896-741-3897x9857;80e0c584-6213-9dba-83ff-bef28af407d8;194.29.113.184
robinsonlauren@example.com;394-465-9022;90af7ba6-0731-f825-0be4-2cc0fe6554e8;190.193.223.238
holmesjeremy@example.org;2072599568;1919bedb-959b-8dfe-d985-72ae08e0c66c;124.171.212.136
erin99@example.com;001-887-734-5840x565;c1d1fc3b-8103-4ba9-cd3e-9192274c9553;144.11.6.113
vgill@example.org;(414)562-5969x52981;198d03aa-6226-43b4-a482-c996d88b9bd6;191.13.116.103
margaretmaynard@example.com;+1-774-709-5750x4698;6da1ef0c-1310-5b93-cda2-8b0d314aeccb;70.120.79.79
fvance@example.net;001-444-736-4620;6477b93d-fdf3-a993-7455-849c0079d73f;192.8.193.15
amber51@example.com;(317)431-6359x411;f6df0c05-9814-c868-978d-8cfab300aea7;55.253.55.226
stephaniemeyer@example.net;001-250-268-9923x2949;1b644296-9cd6-7b60-9d23-884ed908cd4f;183.203.158.153
jameswinters@example.com;+1-451-483-8674;380d412b-77ba-de5c-d3e9-25c404796497;208.16.52.143
mpeterson@example.org;001-381-372-1366x16679;f9bb569c-cbb2-aa57-70cb-c486e2e40b59;22.181.93.67
herrerageoffrey@example.org;(696)458-0616;2d500228-faf5-7312-4e7c-e65d1bfa98f9;201.20.3.37
award@example.org;950.627.9586x0345;fbe6c218-f1b9-dadc-fbe3-6d90ec5cc0a2;68.54.154.43
christensendean@example.net;001-964-320-6781x708;fdb5748b-7468-3056-93d9-98016b598411;204.136.17.86
kimberly51@example.net;625-366-5462;d9e4082c-c9d9-517c-a8cd-51124ba0c9bd;213.93.143.198
hunter22@example.org;001-344-723-4888;6b4bea37-7bdd-bb05-c2b9-c804a497df2f;181.195.63.72
kathy79@example.net;+1-544-355-7708;378dc0f5-4821-6fc4-8e6e-78325ec52be6;139.220.20.102
ricky21@example.com;763.662.1826x9035;2a1e022f-1210-cd00-2ccd-b417a62501ab;89.205.211.244
yesenia99@example.net;+1-605-815-7981x3164;92855dad-9d42-dbb8-74a5-5efdbff3d336;160.84.41.130
claudiamartinez@example.net;975.281.7171;96466df8-58d6-baf5-12d2-5b3d05b05178;189.238.246.103
wpruitt@example.org;(391)319-4837;abb512ac-207d-9bef-66de-3eeb7a339441;31.59.165.91
tgill@example.net;945.264.6011;3e7c532d-ca69-350a-fdb0-d2ecf931d6ca;146.233.165.156
jennifersalinas@example.net;548-517-4067;eaebf199-d07f-9f04-4efb-0f7a186b6eae;110.186.140.216
kcolon@example.com;782.441.3797x640;5895f094-f31d-0263-6b60-bc5bfb48f215;80.225.161.20
gonzalezdennis@example.net;(819)243-7134;f4c536c3-4141-02d0-854d-c9fff45459cb;21.144.239.35
angelamckinney@example.org;378-845-8750;ed74f318-40cb-04e4-d2e3-a464dcd4b853;214.136.39.6
ayersmelissa@example.com;222-279-7625;c0d22a6d-f7fd-33b1-9935-6104c3e8c113;81.0.157.9
kdavis@example.org;(960)660-9440;6e5b7ad2-b87b-38fd-d6df-6ce0a3dff344;209.221.181.158
taylor14@example.net;(342)746-0554;d695aacc-66ca-9401-d266-21021c733636;146.167.64.163
reginaldgalvan@example.net;3794965292;4a2d4969-a85e-3860-10d6-2a153aeb57e6;199.195.211.184
mmosley@example.com;(334)668-0398;f24de6ad-e9d5-bd18-eb4f-cc859dad55ec;34.62.39.218
jeremycarter@example.com;931.490.5686;624a9ed8-0700-fe4f-3a62-e5fa5d5515a3;131.214.103.244
normanwright@example.org;9306216570;03fa4f60-3c61-4562-b92b-2fa34b6b403d;151.119.219.213
carolreyes@example.org;8007675298;24b65939-92a4-57cb-a794-e3c754ea5ef0;206.106.183.31
mariagonzalez@example.org;825.900.0152x7871;bde1f52a-f3ac-b164-854b-1006cfbc916b;181.74.127.222
fwatts@example.net;+1-672-413-1832x3466;637b55c2-6b97-9f60-90f8-e042a8de6cee;155.204.69.192
greenlori@example.org;+1-313-271-6222x5090;5d0e5227-b0f3-4635-dc5b-3565858f2309;196.70.181.59
curtis40@example.org;291.280.3875x3529;1f9021bb-50ad-1e8d-b91e-e16b5ba9c648;201.97.187.47
sandymarshall@example.com;(703)737-2034;4e261e89-01ea-1da1-a997-4f369544ef35;207.93.211.216
jessica42@example.com;798-296-3577;e4712ad7-37ec-a42e-30b5-0890667cd4e5;176.196.136.86
iwalton@example.com;5795837817;e4891aaa-33b6-a035-e972-ace0b88be5e6;116.173.191.9
sgarcia@example.net;(602)361-6914;f7a2be6d-8ee7-d3eb-4f63-32116b4b2475;168.98.119.249
adrienne52@example.org;+1-525-522-8533x53283;6db90904-e00f-47c4-ae81-8429c95162f7;214.127.39.245
jreed@example.net;(547)861-7382x91562;1664a4b0-d3a3-8ecf-9a41-9dcd6d326035;223.75.62.116
brownrachel@example.net;(636)586-6928;2c1f0185-d44f-fe51-5e1c-376bd3b2ddff;149.183.14.212
bgallagher@example.com;(950)904-5125x3977;7d3cb73d-e825-79e8-4a29-3c2303521719;220.213.153.34
williamsmichael@example.net;3919634852;4486124f-4c81-3426-c1b0-e7edb11fad54;44.93.149.221
aaustin@example.org;8966050812;5dcea183-5dbe-f4de-5474-a923a60c6a78;73.116.55.2
wrightjessica@example.com;6924990739;2b2c52a5-ba57-b4d6-eb4b-7a6c1b56e504;192.142.236.53
lthomas@example.org;(589)330-6468;26daa962-fedf-f91b-46b4-7890bbe3d1f6;17.249.188.222
stoutjorge@example.com;(361)804-3056x23479;abdbfcd0-989b-9206-c4ae-fc79a683d747;207.140.229.160
brownanthony@example.net;001-652-443-2599x62949;849021e2-663b-5f11-4772-3bad6166c8a8;223.120.17.113
jason51@example.com;(308)261-5472x4868;8e3df8ea-485f-afab-1b2c-98b9a6dc1efa;29.49.139.62
zmorris@example.com;+1-749-799-6288x08567;99a4713f-ae03-fba6-1462-9e57a42e0efb;189.156.211.200
shannonvaughn@example.net;906.958.4495x8879;0aa18ed1-6911-5808-5d9e-f5593532eb1b;213.248.33.156
alex92@example.com;390-504-6175x7326;7ad04828-59f6-f5fc-e233-1bee69292d9b;21.57.231.36
sean22@example.net;+1-610-564-6616x9348;67ccdae8-9065-8c07-bdaf-ac9279018c1a;222.20.53.235
christina42@example.org;+1-511-905-8709x45246;ee777097-74b9-ea0d-4c2d-3164e5d3e0ba;200.156.221.41
wrighttara@example.net;500.796.4345;af47e75d-659a-a33b-056a-52f2e223ec78;206.96.213.195
cbrowning@example.net;(800)424-1282;529bd602-12c7-9150-24ba-45c08e7c4c09;9.50.55.11
gfarmer@example.com;364-960-2970x3377;cac669e1-37ba-c1a0-aaad-4e0f0a68a09b;26.23.172.224
bbates@example.com;5347980118;25c8cea0-c07b-defa-e52e-d7e61943a672;219.31.89.248
katrinagardner@example.com;001-826-655-3525x2959;0779f9b9-2fac-5087-4142-1b08a60aa2fd;201.176.199.78
frank66@example.org;001-414-744-7014x526;1cd0bd0c-7ca1-e98b-735c-10641f989633;40.98.150.158
aprilwilliams@example.net;+1-835-690-1584;fa6b1ac9-7653-e67a-7b61-59f0a8e8a1ec;167.36.41.158
flowerseric@example.net;570.838.9958x3746;b2a3a4f5-510f-f866-f4cd-4c56781f656f;13.150.103.45
sharonsmith@example.net;(533)536-8596x850;5ccde0d2-4748-7318-d1e1-d16c6fd982c6;99.200.203.34
juliamartin@example.org;334.941.1917x937;0c430a50-ad85-4fc5-d02e-b29f704ec5ad;220.125.45.126
kristinphillips@example.net;974.632.1380x536;81ab7830-1356-ab80-bc4b-1570c90ced91;214.61.214.112
christinalopez@example.org;8888223019;6a005b15-1fd1-3fe4-a069-b10e57de0daa;170.160.133.62
samantha17@example.org;001-213-427-2533x916;12dad4b0-f178-238c-dac4-4071e1ab233c;128.105.144.14
lisa05@example.com;001-256-676-5053x65706;635a73ac-5b2f-833e-b2be-ce2a9a02e84d;65.81.45.204
kdavis@example.net;966-425-2911x07748;044acfda-9736-7b75-1c79-fbb263fc9eec;208.8.150.232
gravesmargaret@example.com;001-730-409-9564;a2ba81c2-43da-5d79-d030-5e56ad302952;12.106.187.100
rachelstewart@example.net;(208)850-2214;03908b11-c93c-2b4d-1e9e-c10f938068bc;12.175.209.114
xmartinez@example.com;690.653.4000x884;d2bb8872-d0c9-4a03-9f41-fe16d669484c;112.219.236.242
kristendillon@example.net;(464)715-9667;ba02f8df-f071-cd45-0cf1-0971ea28ceb3;20.184.45.185
pattersonjohn@example.net;001-490-507-0139x4399;68b35e5e-855c-28a3-ee88-6d4ad9d90271;205.68.28.217
martincrystal@example.net;484-461-0202x774;b89ad517-8f18-8f44-8c39-091356a111ad;131.18.146.56
rbeard@example.net;547-700-6702x3998;bdd9edc4-2962-9ddc-33ba-5370d58bd3d3;205.190.205.101
kimberlysmith@example.net;517.807.2616x3651;bdc82770-d467-f026-5e25-3cd019185570;165.223.151.181
richarddunn@example.com;001-886-531-7550x61705;6a0a372e-c637-62aa-71be-21f04ee2541f;196.135.122.115
zachary31@example.org;525.823.4899x7304;c659868d-d229-5144-6727-1600aecf8602;49.48.181.47
eric56@example.com;001-615-558-1111x875;adeef041-e3ea-978e-e39e-0a713859aa1e;190.226.74.110
robert34@example.com;(570)860-7136;7621f643-351d-a093-6ce0-b40d36a7766e;99.84.239.60
qjones@example.com;+1-843-417-5820;725182a0-9b8b-8f7e-d5b2-6ba96522d2da;56.154.114.91
christophergonzalez@example.org;001-701-463-5847x6930;c78ef078-353f-b681-94e4-bfc9abfd6dab;62.249.0.85
norrisashley@example.org;943-501-8194;f6fa3301-ff13-f08e-4807-66ca83ae50b5;125.144.92.242
shelly25@example.net;(501)613-9179x885;61abb787-36af-a399-9e78-50e4d3d6c256;23.231.100.19
kimberly43@example.net;555-805-9245x9468;591bbaad-173b-fe71-72be-bee82a0f5f74;221.172.239.88
owenssamuel@example.org;(212)685-4819;435ae25f-4735-7294-2426-8493bc9eea4d;215.98.27.122
smithlisa@example.com;236-496-0095x33293;a21c27f1-960d-c62b-314f-1ce2bf7f6521;95.152.34.101
austinblackburn@example.com;598.200.2258;b08f8ac3-8ba0-d658-08aa-ce43bae36eb5;130.65.93.63
devin53@example.org;5469062001;55a03555-2a93-9872-9827-43a063c7546d;221.29.116.144
donaldwilliams@example.org;(756)936-9339x750;783a3b3b-4081-3906-ab18-b5c58ca02eb6;192.247.42.59
linda50@example.com;730-444-1864x76205;c13b3f54-729d-4b8c-8ceb-10ee4b163275;157.178.32.77
briley@example.org;804-726-6874x2103;2845d77a-2331-a8c7-24dc-91b19f6fc8b5;126.199.230.205
yreed@example.net;344.592.0843x64796;14d06d1f-e9df-80e8-9447-7739b8012034;207.242.163.69
stuartfriedman@example.net;001-886-847-5551x901;45b5a397-b4b2-f1ff-f9ba-8d13cb593c32;146.22.11.185
millerpatricia@example.net;(878)939-8817;d4974896-52dd-7098-8f36-390b4daad096;68.68.198.176
vnicholson@example.org;001-548-452-0528x6937;fe404e34-cb43-5d1c-ebf8-a11c6f56c984;194.144.24.216
davilajonathan@example.org;953-606-6810;baf7d713-c331-7f92-ea48-84c057e7f569;90.86.53.118
lisawoods@example.net;+1-794-682-8242x290;c28a59a1-63ea-cfb4-7a67-1bf996b9bbb9;22.14.128.183
sanchezcarlos@example.org;(646)925-6014x9422;d567a0bc-d8bc-9664-429c-1888e7424a43;94.98.53.91
carolynchambers@example.net;001-718-549-4241x46782;6221e6c6-f1db-8711-def4-022454fbf45e;134.66.188.111
tammy19@example.com;001-651-697-9771x74761;f25e3548-a192-90a9-6f27-5d9218745c39;195.85.230.99
dclark@example.org;+1-309-304-8683;88b550da-2d10-456b-41c7-2159f0f3aeb2;209.26.158.144
parkerjoshua@example.org;565.899.3121x69022;4ceb7f77-1d0f-3506-cae7-19442dfcdbc9;218.92.40.253
jmoody@example.net;(363)603-6679x606;5249a8ce-92be-c8b5-44ef-9119073ffcca;212.92.129.191
lfriedman@example.net;494-878-8882x369;5bcb2242-aa10-38e7-72f7-7d4c07b5ca9e;200.1.229.94
kimbrown@example.com;6645204638;2ad923f6-ed4a-905e-ead1-6d0eeb2535ee;124.18.200.124
walkerdonald@example.net;679.332.0738;16535cf6-cd6d-ff7e-910c-ddf17051343f;62.207.83.182
gballard@example.net;663.348.7292;c49389cb-1ee0-adde-aba0-d612de5225d6;212.111.165.30
tsmith@example.org;834-888-6493x65980;9aaab59c-28c0-ece3-adf2-9635f67d1398;186.162.108.149
spowell@example.org;(921)399-1220x9617;c23b991d-7b26-7fd7-fe4b-2bdf44a1af7f;91.163.67.230
longjason@example.net;896-418-2693x267;dc6ed947-d83c-1167-dc8f-80d9e3c6affe;12.230.193.19
gknapp@example.net;001-334-618-1460x0549;db3aeef2-608a-00b6-024c-d519c0e733ad;212.153.111.150
jose28@example.net;+1-251-532-4934x154;309df4cd-5e14-5ad3-aabf-41ffe2b1c45b;138.188.100.243
sarah91@example.com;798-575-4698x28352;541ce2b1-49d4-d08c-1aa3-1636c5a76167;190.26.120.237
nlyons@example.net;001-244-604-5871x756;eb30bfb1-9e00-2a46-b908-1089698ad0ea;221.123.171.191
sallysalinas@example.org;+1-342-697-6551x414;c26bb2dc-97f0-a6ca-d8ae-ea82d5567aa9;218.168.129.205
brendavargas@example.org;725-830-8887x115;1c4c3867-ec8d-f4d7-fb44-affb0ab987cf;31.61.29.52
kbond@example.net;001-445-539-8080x55844;b1aad40a-ce70-9b49-8087-96f5b3ce80f2;191.251.190.165
bsellers@example.net;990-425-5971;8e4ab3b8-ab82-cecf-e52a-dc81ff68b628;209.164.83.171
hking@example.org;391-464-5925x531;65a6e4ca-ec64-427b-e875-fdc4092bfa19;69.56.141.191
rodneybrown@example.net;+1-346-787-7772x8157;c9b64650-2e87-3ee8-65c6-edb11f0a2c89;19.86.67.255
elizabeth40@example.net;(628)309-2841x214;f686b9c8-d972-b237-1a67-8caffb208b98;107.0.225.17
nicholas64@example.net;(360)899-2751;3fd69c25-bb1a-369c-14f6-edc57d8b1d5f;141.27.163.117
kennethclark@example.com;001-722-399-0268x0602;acad46b4-f05a-c70b-a73a-303b14b30c77;216.80.191.19
terri77@example.org;(453)870-6815x736;32bd50d1-9506-79e6-233b-3fd099ecbe9f;166.110.135.101
penamaria@example.org;+1-257-324-1784;6677741a-0473-8a63-f791-bb72d306f7ff;215.10.43.153
carpenterkristie@example.org;7838320460;4a415434-7ca5-d808-4f4f-e492c43d9923;212.140.191.70
jadams@example.com;(437)542-4565x83927;a929f5ff-bc42-a624-e791-770ed201cec8;190.34.109.111
daniel18@example.com;268-404-0487x3812;b1c10e99-d418-34f2-2255-705bef17ed07;31.3.188.69
brettthomas@example.net;403-434-6372x1902;08cc77fe-f506-79eb-25f6-89e51152fedd;123.167.198.53
lindajones@example.net;867-265-9145;d13073f3-acd2-2e51-4d1e-81cfbbda0e21;173.221.120.150
harrypatton@example.org;3744519048;88426548-be96-b6a1-8295-604c0f5bded4;221.181.126.122
tara89@example.com;826.918.7293;61d6a434-f4c3-b6ee-76cb-cfa78136580b;211.199.223.218
ramirezjean@example.org;+1-315-743-7029x04616;94b7c4ff-1c3f-330e-2108-fd3bc7833871;18.33.42.67
armstrongandrew@example.org;757-226-0802;24ebb385-6761-b76b-e3cd-cf4c858ba5e8;126.181.51.187
fthomas@example.org;+1-576-961-4308x91882;934580d7-a872-4d78-7c8d-c007a9496d17;55.16.122.166
oliverheather@example.net;257.757.4506;540a6cfc-2e58-aaba-2d00-2da259083f42;179.45.27.130
jharrison@example.org;835.672.6468;8850a382-723e-eb7b-96ba-66387e381504;66.211.165.162
danielle81@example.org;+1-635-587-5840x5705;cea06e2e-e3d8-50a4-193e-868fbabcc201;40.182.109.19
markgilbert@example.org;667-803-0544x198;c43ae67f-3042-a165-ce41-add51db2bd75;48.121.16.219
jenniferkennedy@example.com;(622)832-5673;67fb6b55-6bb2-da58-a305-b9a8feecb975;203.84.14.4
heathmaria@example.com;971-812-1474;1eee586a-79c5-2792-3984-57028e86e596;16.50.232.139
bcarroll@example.org;922-306-1435x6599;19431fa0-8706-dcbd-6673-e80b88df98e8;200.112.169.172
christensenjonathan@example.org;462.347.3331;eb9c8c18-af1d-5671-01f7-a339a05c7fc6;7.188.246.157
dylan08@example.net;+1-532-954-3486x4657;512001e4-74b3-55cc-8b1a-e0bd3b6d2eab;92.114.116.242
chapmandalton@example.org;568.668.5836x05656;8be2fb88-57b6-f003-7791-7cab86aea0a8;202.245.239.77
johnsonann@example.com;932.491.1443x9256;eb4e4ca4-29a5-1d2b-0da8-b4efc4adbf6a;212.47.147.205
lisa87@example.net;394.924.7626;112daf64-d475-2d44-050d-7a2cc555159d;175.248.249.3
jacksongarrett@example.org;+1-472-425-6008x47919;74c429cf-9194-a730-3199-67a0ee9e5795;69.249.8.213
vholt@example.com;850-949-4549x0839;5903d28b-98c9-33e4-3dcc-082105a13544;216.217.167.68
leescott@example.net;312-293-3721;72a1dbb8-40c6-c261-93d2-04ce7064d2ea;55.235.219.66
taylor77@example.net;001-325-966-1438x56775;11590347-0342-882c-2686-b07f63e5d755;223.38.149.164
devans@example.net;871-288-0017;931ca99b-1fe6-d4b4-9b5f-04edcd6dd290;131.238.247.156
bhurley@example.net;4195376446;ee1bef30-fed5-fc52-d081-f4fa02861be9;2.169.169.155
edward45@example.net;(631)671-6080x94095;57e0a9c7-97ec-84a2-717e-06b7b78ea51f;181.49.176.193
salazarbrenda@example.com;(288)512-3998x000;ae24ee58-08e6-1410-f4ab-afdbda341ab3;199.202.135.100
santiagoregina@example.net;(504)684-8221x5427;d7f526be-fe4e-4719-4f0f-eac672dece30;46.210.72.16
nlewis@example.org;8132291799;aaafe0d9-2aa9-99f6-faa7-6adc2192ecd4;208.138.53.214
herringmichelle@example.net;727-803-8070;17c17190-ff02-b173-2805-dfaadfa9563c;147.139.137.8
justin80@example.org;(493)286-3877;6d3440c4-b011-bb90-01fa-1e058cd94fb7;198.167.48.71
otorres@example.com;+1-248-352-8732x649;caefad2f-2b5a-551d-0934-e49fe9cfaf7d;211.14.222.7
sarah56@example.org;(749)300-7627;1cbb3ccf-b1f9-0bcf-0347-4b671dce86ec;83.203.113.143
schultzchristopher@example.org;+1-595-531-6453x007;dcf8a113-9177-f3f0-4216-71b39341a2d6;223.79.192.213
whernandez@example.net;+1-295-282-2857x348;5b568c92-cbcd-0565-95d7-69dec8d9a484;22.237.135.213
joseph85@example.org;(673)398-8095;c21e9789-8610-f598-c623-06ac1de13416;134.215.251.170
rhill@example.org;+1-635-665-7807x622;a1770170-c995-6b04-b97c-7599aa45b5f7;141.125.106.136
matthewgonzalez@example.com;001-353-574-7738x390;149343bd-9776-e4b2-5707-6f41b9086b50;36.55.91.8
andersonjohn@example.net;(622)345-0728;979366cd-4a95-a462-e65c-3869c3d7ff2c;17.56.219.219
richardramos@example.net;+1-981-758-8090x116;0da4affc-3523-0538-2cf6-dd67b78806fd;156.101.34.107
richardsonjulia@example.net;(635)773-4373x61151;3b4a59a0-0f9b-5ccb-2c76-dd8db04b05ff;190.168.23.163
paula24@example.net;+1-466-210-5032x8086;d512cb47-d6d6-93e0-5256-4600d6363c57;198.8.182.158
jimwatson@example.org;461.220.3863x622;c40773b5-cbd7-284e-09f4-62b4baf591ad;215.216.116.202
sandygallagher@example.org;+1-366-546-6618x917;910bddee-f35b-4425-6109-23d82c9638da;194.69.147.111
alexander10@example.net;206-655-0586x353;d5125461-3fe9-abe7-5a39-f4db7d317ef2;135.41.33.79
johnwelch@example.org;(953)451-1899x5611;92f56ea2-3c8b-9613-0558-1322d1485671;208.112.223.61
crystal77@example.com;001-500-833-8849x21001;c2e529b5-1bdd-7a35-5545-1dada8d5fcfa;211.61.152.159
hparker@example.net;856-247-2391;ebcac6e4-6a43-3a0f-eeff-d25b0f45aaf9;139.94.62.34
fwallace@example.org;677-404-8166;837cf16a-ca09-cb45-cdf3-015de2569bb6;49.164.81.1
avilajames@example.org;6534435743;786f0425-e0e1-46b5-4254-b25896b44a58;217.32.97.213
jonesarthur@example.org;(621)985-8832x05440;f63cea72-f520-c973-3a2d-132cce630b81;111.219.14.154
jenkinsisaac@example.com;+1-866-301-5292;5654ac5d-1e10-a89b-bdf1-fc883af69957;104.75.53.135
cody85@example.org;(769)216-6518;4b2c05be-8e1f-9bdc-88b5-b152d60498f4;47.34.132.0
daviddoyle@example.com;(618)807-0049;86ead4b8-d19e-4533-eec7-2d0c9db2ab15;204.182.71.212
ryanramirez@example.net;608.826.4866;1ac34b0a-49ce-17ee-e031-532fc943852b;85.32.177.251
brianwoodward@example.org;395.663.1423x2790;7ad2ecdd-38b0-7cae-bb2f-443b1a6abbda;115.246.94.105
john33@example.org;716-296-3650x88185;f6a9a704-8b81-1955-3871-90689dbc6a3b;145.194.184.15
shannonmcmahon@example.net;+1-351-307-0521x197;1ec981f4-53e9-619d-eb85-329db11896f0;202.132.252.170
laneashley@example.com;+1-711-609-4714;60f0fc57-048e-5a50-e312-c89bd9e3c0ee;134.89.202.74
nathan03@example.org;634.411.2219x422;c302a263-0111-8bbd-2cd0-8862834d1b22;26.191.218.44
brandonthomas@example.org;001-207-466-7303x22580;d439c86a-9b74-f9c3-829d-c3696d40b83c;43.143.149.253
smithmatthew@example.net;001-656-493-7484x210;68cf2c8c-abe3-5f19-521a-ede1079d5f5f;101.57.253.197
marknicholson@example.net;(685)457-4397x1657;fac5f650-fcb2-87cd-08f5-0a566e2801ad;162.131.65.133
ffischer@example.org;+1-360-348-7533;9a63267b-f847-0da5-1d5a-925530aa761c;203.82.30.180
sarah21@example.org;001-713-942-8320;2d16d3ec-17cb-f98a-4c9d-559d6e6c0992;167.105.192.16
thomasatkins@example.net;+1-964-434-8045x214;08bd4c60-a4d4-62b7-ad36-9943f9ec55fd;47.206.224.176
michaelwilson@example.org;334-425-6420;9c320ba3-f497-114f-0f33-9c904bf21427;137.71.158.149
allenchristopher@example.com;+1-587-794-8361x84310;ae60f48a-fac0-b932-cfe5-5efed0627b3d;152.232.92.234
katelyn05@example.com;(571)434-5170x6731;90d11611-b541-7b00-6d35-5521c2ee694e;122.185.182.123
jeremy38@example.net;(692)310-0953;6d870c53-e290-8083-5f01-d4644bfacb42;204.124.236.147
alexandra24@example.org;9696253288;52440e27-f709-c832-c4fd-e54f1e852788;2.235.250.2
drakejohn@example.com;001-456-472-9094x29196;521ba980-cfdd-6b44-5303-b91f8147f593;1.161.193.153
wendyhendrix@example.net;(378)454-7702x0986;adcd73ec-a6d3-8cbb-ede4-cf985aaa0553;190.130.139.147
melissa96@example.net;(822)976-1884;65cbc6db-570e-22db-8f94-25a47d5537d0;102.130.6.216
evelyn90@example.org;222.592.7921x02012;0844dbcb-1c26-19d5-0164-2fe5a7477ac1;37.195.0.45
ggarrett@example.com;506-204-7192;c7acb2d5-59ad-4377-0304-7db2b1d9ee54;222.106.207.144
fhale@example.org;578.923.1610x57688;8e1f156d-7a24-2774-7621-4c2c327d7fa2;105.218.193.177
hubbardamber@example.org;453-586-8131x7715;794ac24d-6a95-988a-0d7f-e23dc68c8a1c;56.45.157.23
thompsonregina@example.net;8174372600;e60b04ff-8885-f8a4-96b0-1bfe0940ac44;176.102.213.113
wayne87@example.com;583-373-5141;1578382b-01ac-dcb1-792e-78fcedef8ca9;220.162.201.3
heather02@example.org;(211)916-3665x15169;3a902024-c497-2500-d4ed-798b3674aa3e;222.7.252.26
ryanmariah@example.net;612-654-4292;2c6bb558-4164-72ec-2114-b31c12a1431d;129.96.239.252
rmorgan@example.net;+1-773-590-0141;890404a5-a65f-157c-ed77-477c1673ebb0;138.94.25.66
dylanmyers@example.com;001-948-703-4791x368;999a6959-a4da-ea91-f6c9-bf50e451a9af;196.104.208.231
robert53@example.org;001-377-989-7454x894;020c23b9-2bc9-616a-d796-a227a59c51ee;210.210.128.192
alanwilliams@example.org;332.989.9673;94ba8d4d-d6af-d764-3bdd-d5bd97b138c1;30.202.80.47
howardfields@example.net;+1-527-698-0977;bd28b660-445f-9b19-4418-99a91e88689e;80.70.234.161
awhite@example.com;+1-930-214-1241x610;87b9462c-6fc3-8484-efe8-573e8ee463a8;69.162.49.8
richardsoncorey@example.org;(764)352-8293;73a6b5dc-0397-b894-c09e-4b93429faf52;63.1.122.235
evansjohn@example.com;945-921-5468x907;74dd42ef-7863-4cf2-b3b3-889f2b7c97a3;162.58.214.124
olopez@example.com;001-477-854-2772x93608;8a86af2e-c8f9-7b1f-4596-e6f2a6418630;49.201.75.74
andrew52@example.com;+1-312-843-5175;f7915f31-af82-83a1-cb71-496ba48c3f61;23.229.226.253
ashleykelly@example.org;001-320-473-7696x4766;0695004c-d6b7-d2bb-f092-2482766bd9c4;211.184.156.28
nina03@example.org;001-857-909-1608x9167;15d21183-28b3-088b-1f57-bb77044448bd;86.67.211.87
iancooper@example.org;001-548-612-9318x90360;65a0b935-161f-0836-8928-aef53fc9b2c3;74.32.165.32
ywilliams@example.com;280-989-5559x421;c3821f90-e093-1445-9b03-5961dffbf484;67.188.109.12
valerie95@example.net;431.549.9395;79951d62-1e22-ea4f-5132-e282f851f21c;194.151.72.168
wclark@example.net;001-329-554-3511x38890;870b5b83-96e7-2f08-c821-2038d32c9070;206.52.27.154
gutierreznathaniel@example.net;(500)627-4493x288;e57280de-4f25-4ec3-8c6f-ca92cd22d6cc;107.70.210.141
kwilliams@example.net;+1-849-484-9125x730;22477830-1396-0703-b5eb-a5bd536c0954;6.41.185.247
rileyryan@example.net;(396)432-1010x46074;e00c08eb-1b10-80f7-eb10-a87d3fccd900;143.82.90.41
cobbbethany@example.com;001-569-287-0486x579;18e90c5f-c70a-88e0-1b02-77d2e373a41f;106.72.250.139
madisonrojas@example.net;671-246-2347;ebaa18d8-157d-f277-331b-af6e4aa59ef7;157.175.74.51
twilkinson@example.net;001-923-729-9159x137;c33dfb84-815d-402b-7174-6e556c3884b6;172.119.80.99
kruegercatherine@example.com;(396)477-3531;ba51c7f6-aafa-5880-f29f-bd01423d96f9;44.92.226.31
njohnson@example.com;332.897.1972x617;17e18bc5-8ec9-d150-24d0-7b4d77c3d861;181.221.199.75
joseph55@example.org;(997)307-0461x16776;6f629504-08fa-1f89-2687-d4cf64717cc7;71.60.85.38
phughes@example.com;214.921.1118x83798;bb7790df-031e-e9d5-22ab-b574aa8a0789;164.16.206.96
sanderschristina@example.net;577.337.3576;6d6e22e3-31db-1a34-535e-c6d70d2e7ae4;192.35.240.18
zjensen@example.org;001-345-786-3906x941;fdb297bd-47ea-bed3-c1c0-db5844baf458;142.139.174.204
brandon13@example.net;513.861.1721x2619;34272d8f-d5fa-a9f5-eb6a-f2630fefddae;66.21.163.9
qsmith@example.com;+1-479-745-1812x5737;c80ca041-fc28-6a60-8407-22724cacde9a;220.212.183.196
sjordan@example.net;5594316495;f3ab315e-2bda-c9f4-e346-cef5fa00dff1;216.184.191.78
derekmarquez@example.net;(502)980-1639;20fe7d32-57bd-db46-ecc4-35a1b0d2f835;88.169.85.62
halltimothy@example.org;413-475-3485x1711;034daa00-12f4-44e5-8441-5efe43c8f095;131.15.189.92
nperkins@example.com;8894866154;82b02262-f45c-09ee-bebc-f5f5f035183d;196.88.45.55
peter70@example.com;(959)236-9763x152;534cf621-058c-91a9-32e2-c2a874831de8;74.61.79.83
tgordon@example.org;743.232.4774x0766;923a50f0-1888-9f96-32c2-c12db43f85e7;189.34.191.91
wardcharles@example.com;+1-508-662-9498;55f6398a-5a95-abdd-ad67-38c4694cee89;201.216.3.239
johnbrown@example.net;001-828-768-2301x59393;50f3f725-ac51-0d1e-1dd6-781d08a46878;135.164.9.123
zrogers@example.net;238-889-7763x287;2779f8ce-834b-7721-71cc-d3417956b5e7;70.241.127.252
fbowman@example.net;(457)435-6727;c8c1e483-3714-b5be-c786-591e64762026;215.173.84.225
hvaldez@example.org;521.925.9816;65774e69-b601-3082-d718-c41e560c3a68;34.34.106.181
thorntonrobert@example.org;001-744-649-5922x4445;6e5c1eb4-7403-7bc2-f0fa-4612290ad8dc;49.19.225.139
patelsteven@example.org;657-341-0500;11416e39-8ed7-263e-f864-88d4dba95247;151.128.8.162
jwalton@example.net;901-576-5133;5601387e-3e22-5383-caea-1a590fa20668;162.67.121.17
pyoung@example.org;865.703.9698x073;7cedfc56-0bbf-d031-b2c2-7ef17e86a750;187.33.63.68
juanmurphy@example.org;588-577-7461;4a0a2609-c42f-2e6b-7c59-a61603ed244c;209.208.66.63
njohnson@example.org;(461)649-4757;bd3d9e00-c2af-bd45-d0b5-1119db50ac3d;128.89.107.142
marcus38@example.net;283.499.6395;63e1c583-c404-9531-b92d-15870e25d94c;80.82.236.174
znewton@example.org;934.887.0321;dacac068-b2d8-d9f8-f56d-c6421eb39539;62.98.246.115
john56@example.net;+1-968-562-0320x2360;1f95ef77-9ae0-f5fd-f12d-a1620a3f56e6;171.223.170.169
bensonmarcus@example.org;9778171464;dd4ccc2d-6d5c-1ebc-ea75-984e4001b3f6;157.44.39.208
rcook@example.org;685-488-1803x94609;615dbbfa-da84-618d-a7cb-5f38d4019b13;150.241.227.245
michael02@example.org;935-360-8524x26689;5906b2d3-3382-766d-13bd-3cdd1f8b4d00;169.111.137.251
lindsey27@example.org;001-898-433-4194x724;5986c44d-4486-79ac-7012-e42ea9bcc819;49.86.119.84
drussell@example.net;712-266-3300x42706;984d9bf4-451b-bc16-a12d-c0745856a456;144.202.48.5
isaacglass@example.com;344-543-3736x3994;164dd5d3-f761-b243-a26d-04d174f63acb;35.207.21.21
hornemark@example.com;+1-324-415-9921;e7b4f96c-8c00-94f6-08e2-f7a6c4488503;217.144.77.38
brownsharon@example.net;805-993-3588;be0435ba-12ce-3f98-65ec-c9647a28d5ad;163.102.89.69
andrea66@example.com;001-524-896-1512x818;f55aa526-0a1e-6788-87df-b5ba1a81644a;35.130.224.255
johnholloway@example.org;991-841-0398x207;dff92cfb-b0ea-9967-a49b-e1e4dfa9f764;153.202.143.21
brian24@example.org;(621)239-1636x258;53256861-31c2-8980-6c3a-156486c7836c;72.87.33.170
katiestrong@example.com;6567148141;5e267e01-532e-f40b-b8d8-648996c656bd;175.248.249.91
steven79@example.com;217-959-8479x22665;d2a8a915-a06e-c347-3260-fe5c1d3b8442;219.26.47.143
raymond35@example.org;622-276-8816;d057f981-7da0-14a9-5713-ce2b00b160cd;28.244.111.117
amanda47@example.net;703-445-1731;ac38e809-f454-0806-ddcf-e0cb4d13bd74;150.156.229.164
jskinner@example.com;(280)868-3667x97860;79f5ce2b-e574-ac64-2d40-d25c6988833f;117.111.46.242
kennethsandoval@example.org;768-915-4225x0004;137f7d66-3818-a969-da35-bbc617be338c;200.67.162.106
kristy46@example.com;423-875-3820x41868;33faa0bd-ec2b-361d-ec7d-e3e9fc0eda5d;63.100.82.84
fcarter@example.org;001-254-835-9560;eea31d57-756d-a134-79f5-8bf10eccebc6;39.62.226.89
tammy25@example.com;(818)290-7214x009;4c46b9e6-8e17-798c-ca2f-0035e089e27c;181.45.88.127
duane01@example.org;(866)580-6990x22075;5cc2f20a-a13a-be53-b615-785d22b894e7;202.191.124.231
ugonzalez@example.com;695.303.8622;e24e95da-10da-193d-69af-1e1076d36a26;53.211.29.179
fuentesjulie@example.com;979-359-5759x11826;6ff075ef-9ae1-c59b-dd3b-d547a4167bbd;208.204.225.114
osbornekimberly@example.net;(427)966-0971;daf6ee08-3890-de4f-6a3c-de96e97da06f;199.224.24.46
tammycantrell@example.com;(681)496-4195;205a0627-3832-a0eb-dc86-627d4d6fa8fe;167.120.230.79
floresglenn@example.net;628-203-0857;4b6bff91-b242-6d8a-c014-169e63665ed1;168.254.76.218
alexis80@example.com;001-407-506-9010x807;36fd5c98-3c96-adf4-360c-cec12c983174;207.75.181.218
edward88@example.net;457-315-9842;0f2413c6-a156-4981-9794-ceefeb1a35d7;221.170.119.187
ofrancis@example.org;+1-772-204-2792x20841;62b49705-91cd-d157-dc15-d02c855cb9fc;208.184.238.128
zguzman@example.org;(701)505-7331;cb698a67-81c6-bf05-24cb-7cc9f099567f;65.107.131.122
sherri76@example.net;001-790-753-9330x18964;a0d201a5-2b8a-7477-326f-3cae0039ecc2;12.99.234.183
roger87@example.com;301-605-3138x58271;2865c716-9c7e-572e-46f7-e74e91b9afe3;25.42.98.178
chapmanjoseph@example.com;001-731-406-0596x6229;223fbe88-a922-83b1-cf5b-a86bc368d1ac;122.113.14.242
shieldstracy@example.org;(527)693-5207;020b4e84-53a8-0abb-3094-436aab63caca;199.97.192.24
nicole44@example.com;001-625-930-1711;b62f554d-82a5-751a-6b9c-087bdc9794f5;145.181.161.217
irichmond@example.com;(285)722-1728x996;47c82e86-0d47-90d3-efe2-178d8455837f;97.94.13.83
luismahoney@example.org;+1-266-313-9383;0a4cabe1-93e2-27fe-83ca-27ca3424fbc2;205.60.208.93
alexisrodriguez@example.com;251-460-3037x723;c5a46603-0627-4e71-c01d-4acf54abc490;80.144.194.211
john76@example.com;456.657.4074x31683;3e4d6b25-58f6-d14d-49ee-3f1b06fc14b0;219.39.229.150
smithlouis@example.org;781-921-3828;ad0da9ad-8fc1-2d22-ff3b-c081c0ffffbb;123.32.42.90
rhall@example.org;471.849.0856x33714;23b6a634-283c-b543-9427-e7a71fc5aef9;107.224.4.116
geraldjimenez@example.net;(922)636-7244;df9af40e-bb98-9ae3-77af-7bd353c818e0;168.144.101.128
bauersteven@example.com;668-497-8589x35321;b8a4585e-ffc8-6bac-57f6-7306003ab211;201.40.142.19
dharrison@example.org;(829)586-8965x9602;cd0401c0-4da2-c573-7d47-3e9d0f64ce2e;118.178.194.149
ktaylor@example.net;995-267-2165x1511;810ac79b-b541-b4c4-4a71-156b3040ac70;221.219.248.213
vbryant@example.com;465.775.0605;b23431c7-ce66-ebae-a829-39204d8315ec;90.164.204.195
tiffanymcclain@example.com;+1-975-217-0230x41299;f1616abb-58ab-75b2-4695-7c97057f7822;212.150.90.79
zjohnson@example.com;001-497-561-4566x951;8da0adff-4118-435f-0f9b-3a77ac2c0253;132.110.221.32
qrogers@example.com;+1-624-623-4738x959;97df52d8-3b54-9dbb-2db3-aabd40f34226;162.152.61.115
fshaw@example.org;3994001413;a859bd33-4035-3b1f-a3c5-8369cdc83d6a;81.37.241.4
jamesthompson@example.net;(322)653-7507;1350e07a-44b0-ca98-7c50-ddab9eedaecd;60.132.197.104
ivasquez@example.com;001-520-912-3683x986;b9c8ef57-fa07-711c-5acd-4d30b3052931;18.165.11.139
lori79@example.net;(869)695-2702x2517;4cba681e-eae8-d8dd-552d-de4a23455823;194.63.162.211
stonelatoya@example.com;(569)747-8041;e5c42e11-52ec-6a43-f045-2180231e2f8b;186.140.236.108
marcusholland@example.org;+1-965-356-6822x348;9cb5c509-9bd1-1e99-7ac1-fd11295443bc;148.38.179.29
paul02@example.net;(765)340-4869x23307;d0891fc1-48ee-f343-9240-2a81cb1d284d;168.138.29.83
paula04@example.net;001-756-569-9699x3711;a3c6bde8-7ff8-0a9f-4744-19a16edcb9b3;70.15.39.150
davisalison@example.net;+1-918-877-5970x806;42726a77-114a-93f0-29c5-8c25f07adb3c;179.76.173.7
youngmaureen@example.com;296.235.0507;3d836df8-f6d7-862c-f78b-7474cc711251;113.171.123.162
gregory76@example.net;+1-822-784-9228x48896;6a46bdc5-6aad-1d27-779e-e5db5a165a6c;197.62.55.50
robert88@example.org;001-600-985-6617;8d06cb58-484a-25df-692e-b175a3bb8d65;196.120.78.138
drakescott@example.net;(900)483-8314;d28045c9-9fac-caf5-5416-5b501c990138;105.44.168.78
udavis@example.net;001-627-515-6961x07333;65aef190-46a1-e300-bedc-d12e99d58a7e;197.208.195.14
othomas@example.org;+1-426-775-2869x5229;7ec43645-281d-a1ea-d92d-4fcf6f30c04d;131.63.65.84
carrolltimothy@example.com;(876)726-8070;4f3453b4-00a3-ab18-11b9-434a00c05c89;219.91.50.177
joel89@example.org;420.735.3271;bbcb3187-694e-ccea-36c0-0299936df224;110.87.142.242
samanthamichael@example.com;812-823-5982x40887;b07e0726-4a62-83e4-6b7b-81249e72992f;208.244.238.164
justinavery@example.com;001-750-226-8101x19909;2f6604fc-3992-dd54-f525-07f7ff9a3ab1;152.73.213.59
millermeghan@example.com;001-754-353-7187;f93ea674-443e-2801-bd0b-f14a36ba72fb;175.92.252.231
millerstephen@example.org;001-497-983-2013x687;0b4df775-7558-cde8-5f9f-a9784d1ad925;46.160.108.6
nicholasellis@example.net;4615765866;796619b8-9c25-f789-c616-165985d54545;51.70.51.44
lisahunt@example.org;323-351-4474x633;4e9e027f-42fd-2777-f674-6f177b7c15a3;6.186.148.27
nmedina@example.net;659-529-5866;12c943ef-3d41-df09-825f-b97e82a8b7ce;16.36.208.79
odecker@example.net;001-536-900-5174x5628;23cb4ec2-de7e-fa50-e430-8e7507c68063;181.22.252.151
meyerbecky@example.org;818-748-2976x30210;5bbbdd3b-4214-f9d8-225e-6eb28b999a2a;178.181.76.55
allisonfrancis@example.com;+1-943-495-0325x433;40fc839d-0dd8-f6f8-ae78-329aee4483fb;129.196.238.186
baileychelsea@example.org;001-346-796-1974;27896de7-c830-9050-bb6e-a673ad9aa761;164.72.171.244
ashleyfisher@example.com;479-266-2056;2dd0ed6c-a10f-9825-b458-3940246b3f19;116.100.221.238
coryburke@example.com;775-770-5980;4cd8ac03-6f09-d563-249b-4e4e1070aa19;222.236.219.222
derek73@example.net;+1-775-591-5793;6b03d116-1527-5bc1-7c92-93d96c2dc800;46.227.126.52
jenningsrobert@example.org;783-983-0847;13632299-1345-ea87-1475-d68a4ae81c02;28.189.95.183
sheppardriley@example.com;587.712.2555;19f5be00-aa78-0bec-5a4e-c741226580c6;82.29.96.105
michelle02@example.net;351.266.8735x59107;d72884ab-9d28-05e2-f920-acecd8912905;4.186.96.230
wrightbonnie@example.org;466.364.2827x94841;be86d6b0-012a-90b4-0f7b-59819942d498;120.202.40.30
coxedward@example.net;5505104308;6dcfbc31-0e01-a2ad-23b7-904e8d266307;160.156.120.225
ohunt@example.net;518.363.2293;05ab4fb7-1285-db07-9652-0f251716e6bc;196.183.118.230
hmatthews@example.com;872-626-1190x66760;f8f3a295-f542-19b1-c7c2-8885673694f0;134.84.226.100
michelle14@example.com;317-419-0557;a2b2a4c5-8d72-4542-e5eb-78db7d72ea8e;221.15.28.97
christine64@example.net;656-952-5994;081268d0-2dbd-b788-2ab2-07ab54b93fc0;189.162.43.168
wbanks@example.net;397-343-4323;1eba8376-cea5-d37e-370c-ccc64355e347;182.183.220.228
jacobcook@example.org;(887)354-0389;c612d8f4-078d-a24b-0e7a-8e64590918dd;201.39.106.225
eric66@example.com;273-775-7371x949;7ebff15a-b97a-42e0-d8e2-0d70e889baa6;152.166.211.251
vward@example.org;697.855.0469;f23bb8ea-40fe-c840-f44a-ea92929b1711;166.187.241.230
hendersondominique@example.org;+1-862-372-9538x9238;e7655358-174e-3db1-28e3-8085ce6552f5;199.33.126.140
thomas20@example.org;001-485-345-3663x530;abe778e3-0b04-91ec-ba02-f17c602db91d;96.15.108.251
shelby29@example.org;956.983.8883x69995;5acccb94-34ae-f7b2-5204-4ebfe9fab318;139.202.184.32
samantha13@example.com;001-240-433-0788;bbc790b7-84b2-7036-2451-be27b9b46c5c;142.162.169.74
noahmahoney@example.org;(582)739-7735x79942;c5d2a73b-5630-b264-fc2c-a5d35c4c5726;186.218.162.187
allenjason@example.net;5984596443;8c37f0d1-79c5-55be-6377-a3c763aaae03;163.183.241.1
hsimpson@example.com;+1-240-630-6443x05816;e44fabc8-5afe-e2f3-334e-974c8c61939a;165.4.187.179
maryjordan@example.org;+1-870-862-6891x64515;b79629cd-8dca-f147-932d-af333c10d556;62.183.38.58
emiller@example.net;(875)676-1743x15889;86c4fa47-9e9c-60e5-ee19-9b3c8974fa18;164.28.136.55
kleinisaac@example.com;625-865-6496;a2ab88a0-66a2-d156-fe83-1703f96042c4;199.84.224.226
medinasandra@example.org;(365)431-3185;8c0586ec-bc33-0063-60e4-c23ae877549d;88.204.2.120
garciascott@example.com;001-927-303-8706x503;c1dd11c2-7e38-b855-44c5-5f2f6f708b96;4.75.81.129
raymondkatherine@example.org;747-298-8137;88316560-e708-225f-09a3-244cc6c3d6f2;219.41.109.142
anthonyfrank@example.org;985-683-7748x4248;55a6ed9e-8273-070c-55a4-d6c6460794c8;187.89.48.125
denisehill@example.net;001-338-246-7197x757;229d470f-0e42-824c-8c15-727e131e87f6;7.165.87.113
poolejames@example.org;866-963-6543x09449;53166f26-4192-56f2-bf8c-41bcb1b636a0;207.114.223.41
christopherhernandez@example.net;(691)310-7917x649;7af9be47-305b-d0d1-f8bd-cb233dd12614;49.123.168.184
greenjeffrey@example.net;(722)914-4435x064;2fbb0eaf-a3a7-e734-793d-97c65f9047b0;198.70.49.153
bmartinez@example.net;584.427.4481x2164;29310597-de03-5234-bd1c-985e3c0df62c;222.160.221.170
robertbond@example.org;(970)639-7260;428db574-ac95-15bf-4341-0118d8853f6a;57.107.99.191
vharmon@example.net;3207972658;6cd7a882-5494-6ad5-bec6-ab4368fbe65a;197.78.79.160
millershannon@example.net;401-285-8956x9453;fb675a44-01d1-6869-4c30-e4a97e393def;209.45.40.22
nicole75@example.org;+1-207-290-8767x302;3004d7a3-e345-2ae2-7f78-4d1b11289ffb;88.16.136.93
kennethrodriguez@example.org;+1-540-945-5683x131;dcf87de4-8e9a-ca40-c825-8974909d9b72;157.137.251.63
kadkins@example.net;(758)768-4908x173;5298b5ed-6b35-e11f-926b-00cb7b5ab8ca;176.128.110.123
millernancy@example.com;001-462-564-6571x571;e45fe070-c406-9ea5-7364-e8961fccfad6;218.174.111.145
meyerfred@example.com;672-660-7562x882;cf542611-27b2-c68a-7142-e42a3cef0776;146.190.119.85
lpena@example.org;469-276-5305x8863;29467a11-b2e6-5ec0-d460-0a7549353f76;209.118.78.21
drewhicks@example.org;504.793.3807x9639;9c934583-0b5e-a0cf-069d-c02b94ac6dc4;146.161.29.239
megan54@example.com;353-885-4764x43907;de451ff9-0ee8-01d4-f644-203c02641b70;203.18.105.220
kaufmantammy@example.net;9686800895;a15499b1-66f1-bd19-d892-75149493757c;86.5.106.202
amberwoods@example.net;886-703-7335x016;83eb55ec-b202-8369-26ce-490c6ccf5207;176.23.124.210
zpearson@example.com;3396048519;2d620d0b-582c-4edb-e3f6-34b6ac5d97f5;38.133.5.226
xwagner@example.com;+1-804-366-7855;4a32685d-7f40-9ea2-568f-00e0f14a2f9e;178.219.207.197
arthur49@example.com;704.473.7246;b316fd41-c27b-cef4-c210-421f5635bdce;148.125.54.21
juliagriffith@example.org;914.305.1001x017;f761bbce-9a07-e462-0fa4-787d5f33c9a4;198.192.53.198
bryanandrade@example.com;8096177422;ef3bd77f-d51a-d022-ddb7-cf05f955936e;196.213.157.74
vicki82@example.com;991-438-4002;e8a9fe7b-f199-763e-3b67-52563b980c5b;222.38.230.16
whitney62@example.com;001-325-321-4914x79537;6f724016-c43b-ca52-1074-5817c8ccfd94;204.161.189.212
scott89@example.net;439-251-6649x67503;5645c505-57c3-8004-61f3-291172c8e8aa;92.137.151.25
teresalopez@example.org;480-757-5148;09f612a4-78ee-5563-addd-06a2fda7d758;176.92.1.204
donaldmartin@example.org;2862613889;77f6b993-4f56-c3b2-147b-66215d3a9ce7;79.208.161.214
dominiqueclark@example.net;935.683.4574;b3082296-ddd5-5477-7bbd-fbaf6fcd5f62;206.214.166.48
bonnie29@example.org;+1-577-354-0834x95799;8cd5cba4-17a7-d14a-aabf-8ce384db24bf;199.185.6.22
youngjoseph@example.org;001-495-795-6677x598;dafaafdf-5363-8433-e13f-cef9b9afd74d;212.12.198.114
juarezbrittney@example.org;001-345-582-1478x531;95347919-6b62-a37e-3908-bd3a97b3ec5c;136.86.220.14
justinpitts@example.net;567.729.3639x558;03798eeb-e1b5-fbd5-d154-8aaae7dff9f2;210.108.245.127
steven21@example.net;542.596.8648;89e4ceed-bc24-56a4-8e8d-e8ff3d508cc2;60.34.135.106
amberwalker@example.com;889.557.7899;850f71e6-7cb1-2e81-140f-80cf616538a8;102.183.21.164
clarkaaron@example.com;001-523-364-7990x36748;c8317ffc-5f1b-d07c-b910-17829d30d861;86.49.32.222
andrew82@example.net;2489360828;295411ab-e9d2-8240-7fca-de713a3b4e73;201.248.51.237
nbean@example.net;701.542.4303x14834;6349cc62-f78b-51d7-7ba8-b15c3a83aaaf;165.145.147.77
xjimenez@example.org;759.605.2304x596;5ccc3b80-1aea-c33a-8eaa-76d71444b6b8;71.71.20.158
zlittle@example.net;752.936.2108;ffb64588-565c-0f01-8145-4a8ae2ca6c46;218.90.34.232
marthaklein@example.net;001-440-664-4717x91091;8380fd8a-1b06-ef3a-9ad3-ba5bbb724a13;182.240.51.226
hmcclure@example.net;638.279.2509x8031;4ecd4805-3e50-a6e0-3492-798d00da8b8b;67.194.0.99
swilliams@example.org;001-825-652-2994;343f7212-0d18-9c19-8d5a-303f92257d02;215.117.152.25
theath@example.net;819.843.7166;c59fac13-e668-3337-ca11-6d8d948318bb;218.9.138.179
diana52@example.net;(997)985-1776x5349;ed404919-b298-f9d2-9592-1bff01923e8e;212.248.46.74
vryan@example.net;+1-557-553-0356x326;c5bf2e38-d99c-4c27-4a88-85bd9c2193a2;138.45.235.99
lisasmith@example.com;913-605-7018;0cc63c16-b807-0790-dce8-9ab86a5b16f8;195.159.10.159
brian57@example.net;641.780.2968;72a5eba6-8a77-963c-93d7-199c56b0ee64;67.203.178.214
teresa31@example.com;348-386-4715;103ae4bb-bc00-6a5f-023f-a5487b373e20;80.44.97.219
charles72@example.com;(370)969-1258x69225;621fca95-f752-b2be-a040-635b27160ed1;197.244.31.128
john06@example.org;+1-802-805-6160;66eb8410-ef6f-f375-86b2-c333dd2a45f4;81.153.222.152
rsmith@example.org;001-806-651-1405x288;32f7d239-ca4f-b0b0-21b0-6560c42e24e2;200.164.9.3
ebeck@example.net;(912)760-2409;b1ec55ad-315e-0946-afd4-ec00e5facdee;208.28.152.48
huffmanjohn@example.org;001-791-260-1997x535;8e9f9005-2199-ad74-8d3d-797316ac98da;42.175.32.223
emilymurray@example.org;001-360-220-9801;afb2b7e5-9df2-f096-6c41-89669a3d39a5;211.71.150.192
ibarker@example.net;001-222-232-6910;2db7a6c0-3055-13e5-4ebd-0ed2dc9a511d;196.220.203.25
trevornewman@example.net;344-896-1606x42654;bc6148b7-6dd5-837b-bd5e-e6ce75e731f4;195.99.240.105
jasonmelton@example.com;+1-933-911-2989;206ddc4f-0983-a010-99df-732615659352;197.181.34.141
juanlong@example.org;(225)687-1770x69098;69869051-775c-1336-7f18-40f993ec2b5b;144.110.55.153
oconnorjames@example.org;001-806-378-6617x26445;ba0be57d-8edf-55e5-23b8-598c5c7097cc;186.216.197.1
fjackson@example.org;+1-410-827-8171x44930;50c609e0-2a08-b612-33b8-bf8cb7cb464d;215.221.204.248
donna43@example.net;210.738.3963x0196;7c799894-20ca-0ac1-b123-2b322e7ac83f;214.50.139.221
sharipark@example.com;607-342-3420x462;c51e6096-1b9b-307e-967a-576d624150d0;202.214.133.64
wrightkyle@example.net;+1-991-365-6040;0d31f934-59ab-d3b5-dc79-02629ecf71c9;192.106.39.150
ywright@example.net;(610)230-0199x690;e6974469-8187-622e-8bdd-1a32eb4350c3;142.18.97.252
ogriffith@example.com;(336)936-2733;6b459463-f6dd-73b1-b8b1-598aa18cf770;210.126.187.190
norrisscott@example.net;772-593-6566;ba091239-d591-8da5-edde-89ab8859ceae;158.4.117.127
sara42@example.com;408-476-6531x22125;c6ff66ac-03a8-8212-d237-9419ba391fd4;198.33.173.83
iweaver@example.com;667-770-1996x59855;1162f625-14d2-76a5-f3dd-f0311e43baf8;84.32.151.65
justinalvarado@example.net;683-867-7398;d7b40a24-a575-3250-6c44-fe8a1b299e01;194.71.183.28
sglover@example.net;467.695.7462x996;9ef3705a-2644-0a33-2fcc-897990e668d8;74.203.69.87
hannahmorris@example.net;001-228-741-4014x2940;53c6cb86-7b11-aa48-837c-20e4bf3a0bb5;58.223.31.192
ffrost@example.org;264.747.0555x607;ec664778-b5ff-cc91-bc6c-b75fa6e43ce5;190.61.157.16
jamielewis@example.org;001-721-945-3279x933;86bc20ba-1203-6738-8381-50e25e95dfed;131.6.195.27
turnergregory@example.net;334.967.5242;4ddf5845-eeca-55e2-ac7e-63d221516c49;193.131.167.165
kimberly65@example.com;+1-313-905-6140x4800;fe87df51-7a04-d5f9-c0fb-3dd2e7f2eb98;181.17.65.115
michelle75@example.com;+1-491-340-7675x639;d20f08b6-ea95-f312-cb89-04270aaf6ea7;207.91.235.230
ibrown@example.net;250-692-1133x2123;e8f6865f-0d7f-1eb4-47a2-84e13745beee;57.143.219.191
dalton11@example.com;347.407.4363x614;b263ba52-e9f5-0577-d7f7-bd8ead5bd689;37.249.240.99
gloria30@example.net;378.692.2820;8db2d2a0-62e1-0a9a-2c2d-88f8a084ca1c;82.52.39.123
daniel36@example.com;8552191804;6888b267-60a7-c904-c828-0d61ded46e5c;110.82.114.96
mary27@example.net;+1-312-331-2306x90805;2dc99727-1d90-673f-b8fd-a6640c79649b;96.0.155.15
mccarthysherri@example.com;4632382160;8507a594-32d0-9c17-f93d-24cf7dfb6f8e;84.63.92.195
bryanperry@example.com;001-545-643-6802x5415;b2d101a2-40cf-d558-0255-0279749c608b;56.117.140.146
stephanie86@example.com;821.358.4975x7607;0d262ada-2c89-231b-8db2-d05442950ee9;178.208.220.66
amyallen@example.net;2539567961;ef2ee5d4-656a-b43e-508b-205567bbc03a;157.40.224.118
rodriguezrobert@example.org;(842)305-2112x84272;907d48cd-2e6c-3f8d-f436-1dceeb463b68;216.231.150.91
daniel39@example.org;(675)986-0023x70261;26da2a2f-4e5e-7b86-363b-132e2723422e;124.126.166.23
gonzalezsharon@example.org;+1-219-237-5565x409;75f51997-ebc9-f30c-f758-a707d680384f;132.163.216.118
hawkinsnicholas@example.net;+1-910-330-0942;81ce078b-3641-c468-cff0-8afb0139a722;212.66.167.88
kellihughes@example.com;816-763-5572;cd04b3fb-93bd-66c1-7409-4baf56028d52;205.190.7.30
diazkayla@example.com;+1-618-889-8687;56079c3a-f31a-13a1-229b-0fe3559128eb;213.21.169.37
nelsonsteve@example.com;(894)769-9346;8ccd8891-d26d-6a6c-bfc8-4f3fd5da1676;83.200.120.164
michaeldean@example.org;(852)209-7544x9869;a19b874a-f8e2-dc81-4e56-1b61d997f040;97.247.81.242
ohall@example.org;749-880-3033;71bc0a2a-d4a0-68d7-11c2-8221634e8129;85.210.207.1
gjohnson@example.net;548-669-2347;12c3acfa-30db-d75f-7d8a-dad65924105e;104.150.217.91
beckerdebra@example.net;208.798.6988;05aafa70-bb13-a75c-62c6-373ee35ff577;72.21.14.162
kristin02@example.net;934-509-3537x547;8e9f7881-85dd-7d0c-9320-7623442f628e;41.193.199.190
pamela57@example.com;+1-365-375-1818x22916;5cc08831-0651-88ac-7d7a-81c4bab03ba8;201.2.57.80
emclean@example.org;+1-211-959-6350x409;d44fbda9-2277-de7c-d8be-1219a09c96b7;140.27.180.92
janice93@example.org;(991)871-7888x7589;b4b8daef-f543-009e-a899-e64fbd619433;203.227.115.245
ldavis@example.com;001-930-696-4695x87925;291d5de9-1e3a-a6c3-8f6b-2e55d505f26f;190.128.160.104
warnerstephanie@example.org;965.699.4716;e950d2cb-4e98-0e4a-9676-a530caab07d3;81.66.21.116
terri50@example.com;810.908.5594x88912;28064527-2a42-31bb-e897-dcdbfdc553d9;58.178.182.127
zclark@example.com;815.626.7519x399;a61692a4-84e0-a5ce-2cdf-d791b8ba5f31;183.130.101.109
ztrevino@example.org;001-381-721-6712x65449;3832407e-cad6-02d6-caa7-1a698a899fc7;214.169.99.158
karen74@example.org;(715)483-3539x357;0259ab05-3f6e-19d1-6b29-accc703cadce;27.18.32.214
christinejones@example.org;001-586-580-5111;4c57bfb0-f0a4-55a3-c319-b8cef9035f23;150.219.34.180
ariasbrandon@example.net;6795821592;4cd34ad5-151e-5f3f-2c40-3df58f121cd2;2.58.45.31
rodriguezerica@example.net;(913)879-7055;c84fe79f-65ac-86a6-be2f-243755c371fd;196.188.45.16
bartonmark@example.org;6348068814;44f9f830-ce14-87ff-b02c-a37bd2962e39;223.81.6.226
kelsey27@example.com;947-454-6104x5936;94c0d3ad-ce3e-3e74-8169-487040557a4b;220.157.109.17
danielgibbs@example.net;818.546.1188;1e58e4e2-6e8f-19e1-6565-7f7900353ce2;153.12.154.88
hunterryan@example.com;688.714.6656x591;e4577a9b-c332-716c-d2ca-8864c2647c42;162.175.39.173
fmontes@example.net;540.245.3982;e56ef79f-af25-595c-54ac-84dff54daa87;212.40.17.168
woodsdonald@example.net;653.352.0715x98349;d99982f2-9e7c-72d6-8222-e6d3a848f07b;27.94.90.168
hernandeztimothy@example.com;576.360.6899x9700;a37283b0-86f4-8f18-961b-53dfde2e1d89;213.254.59.6
darrellturner@example.net;377-335-3909;1196d7b0-7be6-d256-4ab6-f7400ce38911;151.185.124.90
trevorcarter@example.net;665.800.6790x352;5e77e33b-a7f8-6ba7-b40e-cce5c72f68e5;199.73.193.54
gcarr@example.net;440-357-3798;5a716f83-05cd-4b83-faf8-f1919905afc0;125.117.101.165
wwilliams@example.com;(722)903-8793x798;468f674b-5457-fd31-a1b2-28b989f644a9;8.73.255.81
raymond01@example.net;(851)851-8112x766;e0e449c6-4e8a-af8a-4177-31e27506e4ec;113.68.106.83
valenciacassie@example.net;(813)491-9808x50032;f1338fd1-a4e8-ee8b-1167-90b90a5d5a4d;206.194.128.200
andrea69@example.com;001-901-548-6542x7514;3c05c4e5-f818-21c2-2c37-7120db135922;197.198.250.24
chad32@example.com;001-290-630-3190x886;ceeaf985-57a2-3cf3-0aa4-fdd38aebb373;53.47.254.237
lopezsharon@example.com;(479)619-9663x85869;1d4dea1e-14b1-2dd9-fa47-92a992b93a48;133.46.29.10
mhill@example.org;4707927984;7dbad929-c9f9-0b91-02f3-f3a873b931e1;96.98.244.139
jho@example.org;(521)340-5727;1ec5d755-7478-7770-38b4-7c9ffa1ca41b;212.230.117.239
rjohnson@example.net;001-544-451-6117x879;00b16840-849d-c125-c8fc-7a1b4061dbf2;129.170.72.129
jamiecollins@example.net;001-244-324-5684;0a4a3ee0-8435-a604-1d71-00df93e4a92f;33.255.64.141
greenbradley@example.net;6558307858;0461b074-3167-f0cd-b7eb-29517186ed48;196.18.34.247
nicholas56@example.org;710-372-6006x4308;38069717-3003-a93f-31bc-09fb17737d7d;97.90.251.78
russelljames@example.org;5604169265;4d19e558-e784-1e89-31aa-654be57d4142;223.150.75.74
nicholas44@example.org;+1-657-627-8258x18041;84c3563e-7e99-ad17-a414-e0e753d85ca9;196.210.238.119
timothy13@example.net;(728)977-1453x8456;83889756-3811-2c10-2ad8-c4f99682ad7b;199.61.30.181
cathy71@example.com;447.988.1553x35033;25c941ee-5cae-3acd-9d7f-ab4d5576a872;166.118.181.135
shannon13@example.com;811-988-8722x46898;ece4be48-45d6-86e7-e787-9d966034993a;166.115.165.196
ejames@example.com;594.298.0358x04165;645ae1ec-0056-ab6e-d1a7-3ea6eb343d66;154.183.95.49
karen32@example.net;7167758791;b7251882-47e1-5e81-3bc7-09aa63e8224e;123.132.10.171
tjohnson@example.net;(969)581-6438x7515;be5bfadc-646e-0dbc-90be-96974013b356;32.176.75.135
amoore@example.net;(939)431-5967x699;1c7cdaeb-2015-68bb-07ee-b0c8c7d4d592;132.233.210.109
meganshields@example.org;(701)500-8489;ef4630c8-a98a-9ff6-824f-73e375f6743d;217.12.83.172
